game,post,games_post,time_c,time_std,games_post_std,mu_target_true,mu_cf_target_true,skill_true,skill_cf_true,true_treatment_effect,elo_obs,opp_elo,mu_target_mean,mu_target_lwr,mu_target_upr,mu_cf_target_mean,mu_cf_target_lwr,mu_cf_target_upr,skill_mean,skill_lwr,skill_upr,skill_cf_mean,skill_cf_lwr,skill_cf_upr,treatment_effect_mean,treatment_effect_lwr,treatment_effect_upr
1,0,0,-99.5,-0.995,0,1697.413,1697.413,1695.632582,1695.632582,0,1701.78,1763.47,1699.21,1692.63,1705.94,1699.21,1692.63,1705.94,1699.97,1691.87,1708.54,1699.97,1691.87,1708.54,0,0,0
2,0,0,-98.5,-0.985,0,1697.439,1697.439,1695.115079,1695.115079,0,1718.94,1641.40,1699.22,1692.68,1705.88,1699.22,1692.68,1705.88,1700.75,1692.12,1710.81,1700.75,1692.12,1710.81,0,0,0
3,0,0,-97.5,-0.975,0,1697.465,1697.465,1697.621338,1697.621338,0,1724.95,1737.71,1699.23,1692.76,1705.86,1699.23,1692.76,1705.86,1701.19,1692.17,1711.86,1701.19,1692.17,1711.86,0,0,0
4,0,0,-96.5,-0.965,0,1697.491,1697.491,1697.960065,1697.960065,0,1735.54,1688.52,1699.24,1692.81,1705.81,1699.24,1692.81,1705.81,1701.15,1692.07,1711.67,1701.15,1692.07,1711.67,0,0,0
5,0,0,-95.5,-0.955,0,1697.517,1697.517,1699.581036,1699.581036,0,1705.66,1722.26,1699.25,1692.88,1705.76,1699.25,1692.88,1705.76,1700.50,1691.34,1710.86,1700.50,1691.34,1710.86,0,0,0
6,0,0,-94.5,-0.945,0,1697.543,1697.543,1700.45678,1700.45678,0,1708.63,1684.56,1699.26,1692.94,1705.73,1699.26,1692.94,1705.73,1699.88,1690.86,1709.66,1699.88,1690.86,1709.66,0,0,0
7,0,0,-93.5,-0.935,0,1697.569,1697.569,1699.080123,1699.080123,0,1687.71,1770.55,1699.27,1693.00,1705.69,1699.27,1693.00,1705.69,1699.05,1689.60,1708.60,1699.05,1689.60,1708.60,0,0,0
8,0,0,-92.5,-0.925,0,1697.595,1697.595,1699.936827,1699.936827,0,1684.60,1698.00,1699.27,1693.04,1705.65,1699.27,1693.04,1705.65,1698.49,1688.62,1707.60,1698.49,1688.62,1707.60,0,0,0
9,0,0,-91.5,-0.915,0,1697.621,1697.621,1699.181689,1699.181689,0,1672.76,1690.11,1699.28,1693.11,1705.60,1699.28,1693.11,1705.60,1698.23,1688.45,1707.23,1698.23,1688.45,1707.23,0,0,0
10,0,0,-90.5,-0.905,0,1697.647,1697.647,1698.478613,1698.478613,0,1693.95,1724.83,1699.29,1693.17,1705.54,1699.29,1693.17,1705.54,1698.44,1688.64,1707.53,1698.44,1688.64,1707.53,0,0,0
11,0,0,-89.5,-0.895,0,1697.673,1697.673,1698.589065,1698.589065,0,1701.72,1659.74,1699.30,1693.21,1705.51,1699.30,1693.21,1705.51,1698.68,1689.08,1707.88,1698.68,1689.08,1707.88,0,0,0
12,0,0,-88.5,-0.885,0,1697.699,1697.699,1695.771185,1695.771185,0,1696.18,1567.23,1699.31,1693.26,1705.46,1699.31,1693.26,1705.46,1698.81,1689.58,1707.93,1698.81,1689.58,1707.93,0,0,0
13,0,0,-87.5,-0.875,0,1697.725,1697.725,1698.07339,1698.07339,0,1709.54,1615.58,1699.32,1693.32,1705.44,1699.32,1693.32,1705.44,1699.07,1689.68,1708.62,1699.07,1689.68,1708.62,0,0,0
14,0,0,-86.5,-0.865,0,1697.751,1697.751,1696.839637,1696.839637,0,1669.72,1657.45,1699.33,1693.39,1705.39,1699.33,1693.39,1705.39,1699.04,1690.22,1708.00,1699.04,1690.22,1708.00,0,0,0
15,0,0,-85.5,-0.855,0,1697.777,1697.777,1698.715111,1698.715111,0,1733.37,1793.39,1699.34,1693.44,1705.35,1699.34,1693.44,1705.35,1699.68,1690.88,1709.29,1699.68,1690.88,1709.29,0,0,0
16,0,0,-84.5,-0.845,0,1697.803,1697.803,1698.88752,1698.88752,0,1705.03,1824.43,1699.35,1693.49,1705.30,1699.35,1693.49,1705.30,1699.58,1690.66,1709.33,1699.58,1690.66,1709.33,0,0,0
17,0,0,-83.5,-0.835,0,1697.829,1697.829,1701.560498,1701.560498,0,1723.42,1627.71,1699.35,1693.55,1705.25,1699.35,1693.55,1705.25,1699.44,1690.13,1709.13,1699.44,1690.13,1709.13,0,0,0
18,0,0,-82.5,-0.825,0,1697.855,1697.855,1700.076113,1700.076113,0,1706.98,1709.16,1699.36,1693.57,1705.21,1699.36,1693.57,1705.21,1698.70,1689.19,1708.14,1698.70,1689.19,1708.14,0,0,0
19,0,0,-81.5,-0.815,0,1697.881,1697.881,1699.339273,1699.339273,0,1681.81,1662.07,1699.37,1693.63,1705.16,1699.37,1693.63,1705.16,1697.74,1687.75,1706.63,1697.74,1687.75,1706.63,0,0,0
20,0,0,-80.5,-0.805,0,1697.907,1697.907,1699.832676,1699.832676,0,1693.32,1713.89,1699.38,1693.68,1705.12,1699.38,1693.68,1705.12,1697.12,1686.57,1705.91,1697.12,1686.57,1705.91,0,0,0
21,0,0,-79.5,-0.795,0,1697.933,1697.933,1695.707254,1695.707254,0,1629.74,1625.23,1699.39,1693.75,1705.08,1699.39,1693.75,1705.08,1696.41,1685.24,1705.19,1696.41,1685.24,1705.19,0,0,0
22,0,0,-78.5,-0.785,0,1697.959,1697.959,1697.377652,1697.377652,0,1701.65,1717.33,1699.40,1693.82,1705.04,1699.40,1693.82,1705.04,1697.10,1686.80,1705.67,1697.10,1686.80,1705.67,0,0,0
23,0,0,-77.5,-0.775,0,1697.985,1697.985,1700.201175,1700.201175,0,1698.82,1656.41,1699.41,1693.84,1704.99,1699.41,1693.84,1704.99,1697.52,1687.64,1706.38,1697.52,1687.64,1706.38,0,0,0
24,0,0,-76.5,-0.765,0,1698.011,1698.011,1702.054213,1702.054213,0,1726.31,1636.64,1699.42,1693.89,1704.97,1699.42,1693.89,1704.97,1697.80,1688.07,1707.15,1697.80,1688.07,1707.15,0,0,0
25,0,0,-75.5,-0.755,0,1698.037,1698.037,1703.091421,1703.091421,0,1667.97,1667.10,1699.43,1693.93,1704.93,1699.43,1693.93,1704.93,1697.34,1687.16,1706.25,1697.34,1687.16,1706.25,0,0,0
26,0,0,-74.5,-0.745,0,1698.063,1698.063,1702.426387,1702.426387,0,1700.85,1591.67,1699.44,1693.99,1704.89,1699.44,1693.99,1704.89,1697.49,1687.55,1706.37,1697.49,1687.55,1706.37,0,0,0
27,0,0,-73.5,-0.735,0,1698.089,1698.089,1704.38682,1704.38682,0,1698.28,1741.65,1699.44,1694.05,1704.84,1699.44,1694.05,1704.84,1697.45,1687.54,1706.11,1697.45,1687.54,1706.11,0,0,0
28,0,0,-72.5,-0.725,0,1698.115,1698.115,1705.81833,1705.81833,0,1680.55,1658.77,1699.45,1694.11,1704.82,1699.45,1694.11,1704.82,1697.31,1687.18,1705.87,1697.31,1687.18,1705.87,0,0,0
29,0,0,-71.5,-0.715,0,1698.141,1698.141,1705.910861,1705.910861,0,1676.55,1788.35,1699.46,1694.15,1704.79,1699.46,1694.15,1704.79,1697.43,1687.51,1705.84,1697.43,1687.51,1705.84,0,0,0
30,0,0,-70.5,-0.705,0,1698.167,1698.167,1705.300558,1705.300558,0,1681.79,1751.54,1699.47,1694.20,1704.76,1699.47,1694.20,1704.76,1697.93,1688.52,1706.40,1697.93,1688.52,1706.40,0,0,0
31,0,0,-69.5,-0.695,0,1698.193,1698.193,1704.080773,1704.080773,0,1723.76,1772.27,1699.48,1694.26,1704.72,1699.48,1694.26,1704.72,1698.77,1689.70,1707.41,1698.77,1689.70,1707.41,0,0,0
32,0,0,-68.5,-0.685,0,1698.219,1698.219,1701.397413,1701.397413,0,1721.10,1679.34,1699.49,1694.30,1704.68,1699.49,1694.30,1704.68,1698.97,1689.63,1707.62,1698.97,1689.63,1707.62,0,0,0
33,0,0,-67.5,-0.675,0,1698.245,1698.245,1703.352433,1703.352433,0,1674.55,1776.82,1699.50,1694.34,1704.64,1699.50,1694.34,1704.64,1698.65,1689.38,1707.36,1698.65,1689.38,1707.36,0,0,0
34,0,0,-66.5,-0.665,0,1698.271,1698.271,1699.036239,1699.036239,0,1695.70,1772.23,1699.51,1694.39,1704.62,1699.51,1694.39,1704.62,1698.82,1689.53,1707.53,1698.82,1689.53,1707.53,0,0,0
35,0,0,-65.5,-0.655,0,1698.297,1698.297,1698.310835,1698.310835,0,1707.78,1677.10,1699.52,1694.45,1704.58,1699.52,1694.45,1704.58,1699.08,1690.12,1707.92,1699.08,1690.12,1707.92,0,0,0
36,0,0,-64.5,-0.645,0,1698.323,1698.323,1698.607692,1698.607692,0,1705.12,1702.92,1699.52,1694.51,1704.53,1699.52,1694.51,1704.53,1699.02,1690.05,1707.76,1699.02,1690.05,1707.76,0,0,0
37,0,0,-63.5,-0.635,0,1698.349,1698.349,1700.134783,1700.134783,0,1669.77,1780.99,1699.53,1694.58,1704.50,1699.53,1694.58,1704.50,1698.85,1689.79,1707.66,1698.85,1689.79,1707.66,0,0,0
38,0,0,-62.5,-0.625,0,1698.375,1698.375,1703.164991,1703.164991,0,1691.13,1712.84,1699.54,1694.61,1704.47,1699.54,1694.61,1704.47,1699.29,1690.14,1708.28,1699.29,1690.14,1708.28,0,0,0
39,0,0,-61.5,-0.615,0,1698.401,1698.401,1704.571854,1704.571854,0,1675.86,1666.07,1699.55,1694.64,1704.43,1699.55,1694.64,1704.43,1699.91,1691.03,1709.27,1699.91,1691.03,1709.27,0,0,0
40,0,0,-60.5,-0.605,0,1698.427,1698.427,1703.555527,1703.555527,0,1723.88,1764.31,1699.56,1694.66,1704.40,1699.56,1694.66,1704.40,1701.12,1692.55,1711.06,1701.12,1692.55,1711.06,0,0,0
41,0,0,-59.5,-0.595,0,1698.453,1698.453,1704.457955,1704.457955,0,1756.36,1772.25,1699.57,1694.71,1704.37,1699.57,1694.71,1704.37,1701.92,1693.61,1712.41,1701.92,1693.61,1712.41,0,0,0
42,0,0,-58.5,-0.585,0,1698.479,1698.479,1701.708758,1701.708758,0,1700.71,1653.18,1699.58,1694.75,1704.34,1699.58,1694.75,1704.34,1701.57,1692.88,1711.80,1701.57,1692.88,1711.80,0,0,0
43,0,0,-57.5,-0.575,0,1698.505,1698.505,1704.026346,1704.026346,0,1661.11,1729.35,1699.59,1694.81,1704.31,1699.59,1694.81,1704.31,1701.29,1692.80,1711.23,1701.29,1692.80,1711.23,0,0,0
44,0,0,-56.5,-0.565,0,1698.531,1698.531,1703.305063,1703.305063,0,1719.68,1705.41,1699.60,1694.85,1704.27,1699.60,1694.85,1704.27,1702.08,1693.65,1712.59,1702.08,1693.65,1712.59,0,0,0
45,0,0,-55.5,-0.555,0,1698.557,1698.557,1701.712452,1701.712452,0,1732.85,1765.17,1699.60,1694.91,1704.25,1699.60,1694.91,1704.25,1702.66,1694.22,1713.77,1702.66,1694.22,1713.77,0,0,0
46,0,0,-54.5,-0.545,0,1698.583,1698.583,1700.311787,1700.311787,0,1729.89,1660.23,1699.61,1694.93,1704.22,1699.61,1694.93,1704.22,1702.67,1694.28,1713.79,1702.67,1694.28,1713.79,0,0,0
47,0,0,-53.5,-0.535,0,1698.609,1698.609,1700.065114,1700.065114,0,1703.36,1774.16,1699.62,1694.99,1704.20,1699.62,1694.99,1704.20,1702.26,1693.76,1713.11,1702.26,1693.76,1713.11,0,0,0
48,0,0,-52.5,-0.525,0,1698.635,1698.635,1699.243692,1699.243692,0,1709.84,1751.60,1699.63,1695.05,1704.16,1699.63,1695.05,1704.16,1701.95,1693.24,1712.90,1701.95,1693.24,1712.90,0,0,0
49,0,0,-51.5,-0.515,0,1698.661,1698.661,1703.318914,1703.318914,0,1705.22,1683.50,1699.64,1695.09,1704.13,1699.64,1695.09,1704.13,1701.69,1693.13,1712.17,1701.69,1693.13,1712.17,0,0,0
50,0,0,-50.5,-0.505,0,1698.687,1698.687,1701.655635,1701.655635,0,1716.07,1672.20,1699.65,1695.13,1704.10,1699.65,1695.13,1704.10,1701.44,1692.90,1711.76,1701.44,1692.90,1711.76,0,0,0
51,0,0,-49.5,-0.495,0,1698.713,1698.713,1701.478918,1701.478918,0,1720.31,1637.30,1699.66,1695.18,1704.06,1699.66,1695.18,1704.06,1700.93,1692.29,1711.08,1700.93,1692.29,1711.08,0,0,0
52,0,0,-48.5,-0.485,0,1698.739,1698.739,1701.310215,1701.310215,0,1686.24,1781.04,1699.67,1695.23,1704.04,1699.67,1695.23,1704.04,1700.06,1691.29,1709.58,1700.06,1691.29,1709.58,0,0,0
53,0,0,-47.5,-0.475,0,1698.765,1698.765,1701.157487,1701.157487,0,1689.43,1648.47,1699.68,1695.29,1704.02,1699.68,1695.29,1704.02,1699.54,1690.74,1708.47,1699.54,1690.74,1708.47,0,0,0
54,0,0,-46.5,-0.465,0,1698.791,1698.791,1701.067791,1701.067791,0,1694.23,1691.42,1699.69,1695.33,1703.99,1699.69,1695.33,1703.99,1699.29,1690.35,1708.14,1699.29,1690.35,1708.14,0,0,0
55,0,0,-45.5,-0.455,0,1698.817,1698.817,1700.020915,1700.020915,0,1695.41,1806.57,1699.69,1695.36,1703.97,1699.69,1695.36,1703.97,1699.05,1689.85,1708.03,1699.05,1689.85,1708.03,0,0,0
56,0,0,-44.5,-0.445,0,1698.843,1698.843,1698.876548,1698.876548,0,1702.71,1744.30,1699.70,1695.40,1703.95,1699.70,1695.40,1703.95,1698.91,1689.52,1707.83,1698.91,1689.52,1707.83,0,0,0
57,0,0,-43.5,-0.435,0,1698.869,1698.869,1697.324055,1697.324055,0,1719.70,1715.71,1699.71,1695.43,1703.91,1699.71,1695.43,1703.91,1698.70,1689.35,1707.50,1698.70,1689.35,1707.50,0,0,0
58,0,0,-42.5,-0.425,0,1698.895,1698.895,1694.771016,1694.771016,0,1668.64,1710.06,1699.72,1695.47,1703.89,1699.72,1695.47,1703.89,1697.92,1688.44,1706.27,1697.92,1688.44,1706.27,0,0,0
59,0,0,-41.5,-0.415,0,1698.921,1698.921,1695.492367,1695.492367,0,1713.86,1685.54,1699.73,1695.53,1703.87,1699.73,1695.53,1703.87,1697.76,1687.94,1706.23,1697.76,1687.94,1706.23,0,0,0
60,0,0,-40.5,-0.405,0,1698.947,1698.947,1697.540615,1697.540615,0,1693.60,1622.08,1699.74,1695.56,1703.87,1699.74,1695.56,1703.87,1697.10,1686.56,1705.75,1697.10,1686.56,1705.75,0,0,0
61,0,0,-39.5,-0.395,0,1698.973,1698.973,1696.677655,1696.677655,0,1639.36,1729.89,1699.75,1695.60,1703.85,1699.75,1695.60,1703.85,1696.37,1685.16,1704.85,1696.37,1685.16,1704.85,0,0,0
62,0,0,-38.5,-0.385,0,1698.999,1698.999,1695.857855,1695.857855,0,1687.88,1634.27,1699.76,1695.66,1703.83,1699.76,1695.66,1703.83,1696.75,1686.03,1705.29,1696.75,1686.03,1705.29,0,0,0
63,0,0,-37.5,-0.375,0,1699.025,1699.025,1695.541558,1695.541558,0,1690.08,1815.71,1699.77,1695.71,1703.80,1699.77,1695.71,1703.80,1697.14,1686.53,1705.67,1697.14,1686.53,1705.67,0,0,0
64,0,0,-36.5,-0.365,0,1699.051,1699.051,1694.993162,1694.993162,0,1705.96,1606.16,1699.77,1695.73,1703.78,1699.77,1695.73,1703.78,1697.53,1687.19,1706.03,1697.53,1687.19,1706.03,0,0,0
65,0,0,-35.5,-0.355,0,1699.077,1699.077,1692.734583,1692.734583,0,1704.53,1677.97,1699.78,1695.74,1703.77,1699.78,1695.74,1703.77,1697.67,1687.83,1705.96,1697.67,1687.83,1705.96,0,0,0
66,0,0,-34.5,-0.345,0,1699.103,1699.103,1695.701251,1695.701251,0,1695.57,1698.73,1699.79,1695.78,1703.77,1699.79,1695.78,1703.77,1697.59,1688.17,1705.93,1697.59,1688.17,1705.93,0,0,0
67,0,0,-33.5,-0.335,0,1699.129,1699.129,1696.765671,1696.765671,0,1680.48,1664.44,1699.80,1695.80,1703.76,1699.80,1695.80,1703.76,1697.46,1687.37,1705.97,1697.46,1687.37,1705.97,0,0,0
68,0,0,-32.5,-0.325,0,1699.155,1699.155,1695.675766,1695.675766,0,1714.73,1698.82,1699.81,1695.83,1703.75,1699.81,1695.83,1703.75,1697.54,1687.41,1706.09,1697.54,1687.41,1706.09,0,0,0
69,0,0,-31.5,-0.315,0,1699.181,1699.181,1696.491094,1696.491094,0,1682.95,1736.22,1699.82,1695.86,1703.76,1699.82,1695.86,1703.76,1697.14,1686.48,1705.64,1697.14,1686.48,1705.64,0,0,0
70,0,0,-30.5,-0.305,0,1699.207,1699.207,1695.919143,1695.919143,0,1672.15,1778.15,1699.83,1695.90,1703.75,1699.83,1695.90,1703.75,1696.98,1686.40,1705.49,1696.98,1686.40,1705.49,0,0,0
71,0,0,-29.5,-0.295,0,1699.233,1699.233,1695.803304,1695.803304,0,1682.97,1705.75,1699.84,1695.92,1703.73,1699.84,1695.92,1703.73,1697.19,1686.82,1705.65,1697.19,1686.82,1705.65,0,0,0
72,0,0,-28.5,-0.285,0,1699.259,1699.259,1696.734895,1696.734895,0,1685.96,1698.11,1699.85,1695.93,1703.72,1699.85,1695.93,1703.72,1697.57,1687.55,1706.14,1697.57,1687.55,1706.14,0,0,0
73,0,0,-27.5,-0.275,0,1699.285,1699.285,1698.654239,1698.654239,0,1696.37,1720.80,1699.86,1695.95,1703.69,1699.86,1695.95,1703.69,1698.15,1688.56,1706.80,1698.15,1688.56,1706.80,0,0,0
74,0,0,-26.5,-0.265,0,1699.311,1699.311,1701.441924,1701.441924,0,1692.48,1706.07,1699.86,1695.98,1703.69,1699.86,1695.98,1703.69,1698.67,1689.42,1707.45,1698.67,1689.42,1707.45,0,0,0
75,0,0,-25.5,-0.255,0,1699.337,1699.337,1704.340567,1704.340567,0,1697.05,1664.91,1699.87,1696.01,1703.70,1699.87,1696.01,1703.70,1699.27,1690.55,1707.96,1699.27,1690.55,1707.96,0,0,0
76,0,0,-24.5,-0.245,0,1699.363,1699.363,1703.494416,1703.494416,0,1718.33,1705.74,1699.88,1696.04,1703.69,1699.88,1696.04,1703.69,1699.91,1691.24,1709.20,1699.91,1691.24,1709.20,0,0,0
77,0,0,-23.5,-0.235,0,1699.389,1699.389,1702.266435,1702.266435,0,1718.20,1773.32,1699.89,1696.06,1703.68,1699.89,1696.06,1703.68,1700.18,1691.63,1709.83,1700.18,1691.63,1709.83,0,0,0
78,0,0,-22.5,-0.225,0,1699.415,1699.415,1702.217596,1702.217596,0,1712.87,1710.09,1699.90,1696.07,1703.69,1699.90,1696.07,1703.69,1700.06,1691.77,1709.15,1700.06,1691.77,1709.15,0,0,0
79,0,0,-21.5,-0.215,0,1699.441,1699.441,1702.226486,1702.226486,0,1696.04,1704.34,1699.91,1696.08,1703.68,1699.91,1696.08,1703.68,1699.69,1690.72,1708.56,1699.69,1690.72,1708.56,0,0,0
80,0,0,-20.5,-0.205,0,1699.467,1699.467,1700.684128,1700.684128,0,1687.34,1695.29,1699.92,1696.12,1703.67,1699.92,1696.12,1703.67,1699.44,1690.44,1708.15,1699.44,1690.44,1708.15,0,0,0
81,0,0,-19.5,-0.195,0,1699.493,1699.493,1699.471982,1699.471982,0,1694.84,1733.40,1699.93,1696.14,1703.66,1699.93,1696.14,1703.66,1699.45,1690.51,1708.09,1699.45,1690.51,1708.09,0,0,0
82,0,0,-18.5,-0.185,0,1699.519,1699.519,1700.939636,1700.939636,0,1698.01,1726.04,1699.94,1696.16,1703.65,1699.94,1696.16,1703.65,1699.54,1690.55,1708.59,1699.54,1690.55,1708.59,0,0,0
83,0,0,-17.5,-0.175,0,1699.545,1699.545,1703.783307,1703.783307,0,1720.61,1730.81,1699.94,1696.19,1703.65,1699.94,1696.19,1703.65,1699.69,1690.82,1708.30,1699.69,1690.82,1708.30,0,0,0
84,0,0,-16.5,-0.165,0,1699.571,1699.571,1703.038621,1703.038621,0,1697.43,1686.91,1699.95,1696.21,1703.63,1699.95,1696.21,1703.63,1699.28,1690.12,1707.76,1699.28,1690.12,1707.76,0,0,0
85,0,0,-15.5,-0.155,0,1699.597,1699.597,1701.596954,1701.596954,0,1677.50,1573.24,1699.96,1696.23,1703.61,1699.96,1696.23,1703.61,1698.92,1689.52,1707.32,1698.92,1689.52,1707.32,0,0,0
86,0,0,-14.5,-0.145,0,1699.623,1699.623,1700.928969,1700.928969,0,1684.18,1668.06,1699.97,1696.25,1703.61,1699.97,1696.25,1703.61,1699.07,1689.96,1707.69,1699.07,1689.96,1707.69,0,0,0
87,0,0,-13.5,-0.135,0,1699.649,1699.649,1699.035335,1699.035335,0,1734.32,1698.45,1699.98,1696.26,1703.60,1699.98,1696.26,1703.60,1699.42,1690.40,1708.27,1699.42,1690.40,1708.27,0,0,0
88,0,0,-12.5,-0.125,0,1699.675,1699.675,1698.595339,1698.595339,0,1679.94,1649.44,1699.99,1696.27,1703.63,1699.99,1696.27,1703.63,1698.97,1689.54,1707.19,1698.97,1689.54,1707.19,0,0,0
89,0,0,-11.5,-0.115,0,1699.701,1699.701,1699.444192,1699.444192,0,1674.17,1738.55,1700.00,1696.28,1703.66,1700.00,1696.28,1703.66,1698.96,1689.57,1707.19,1698.96,1689.57,1707.19,0,0,0
90,0,0,-10.5,-0.105,0,1699.727,1699.727,1699.320399,1699.320399,0,1693.49,1650.95,1700.01,1696.29,1703.66,1700.01,1696.29,1703.66,1699.39,1690.55,1707.76,1699.39,1690.55,1707.76,0,0,0
91,0,0,-9.5,-0.095,0,1699.753,1699.753,1701.577247,1701.577247,0,1736.80,1580.13,1700.02,1696.30,1703.67,1700.02,1696.30,1703.67,1699.98,1691.64,1708.71,1699.98,1691.64,1708.71,0,0,0
92,0,0,-8.5,-0.085,0,1699.779,1699.779,1701.704985,1701.704985,0,1703.63,1748.70,1700.02,1696.34,1703.67,1700.02,1696.34,1703.67,1699.69,1691.01,1708.14,1699.69,1691.01,1708.14,0,0,0
93,0,0,-7.5,-0.075,0,1699.805,1699.805,1702.419002,1702.419002,0,1708.27,1690.63,1700.03,1696.36,1703.67,1700.03,1696.36,1703.67,1699.30,1690.31,1707.89,1699.30,1690.31,1707.89,0,0,0
94,0,0,-6.5,-0.065,0,1699.831,1699.831,1701.944198,1701.944198,0,1670.41,1703.38,1700.04,1696.38,1703.68,1700.04,1696.38,1703.68,1698.69,1689.00,1707.18,1698.69,1689.00,1707.18,0,0,0
95,0,0,-5.5,-0.055,0,1699.857,1699.857,1704.145421,1704.145421,0,1674.17,1606.73,1700.05,1696.39,1703.68,1700.05,1696.39,1703.68,1698.61,1689.01,1706.81,1698.61,1689.01,1706.81,0,0,0
96,0,0,-4.5,-0.045,0,1699.883,1699.883,1701.604205,1701.604205,0,1701.56,1682.72,1700.06,1696.39,1703.71,1700.06,1696.39,1703.71,1699.10,1689.66,1707.54,1699.10,1689.66,1707.54,0,0,0
97,0,0,-3.5,-0.035,0,1699.909,1699.909,1700.922124,1700.922124,0,1691.77,1693.75,1700.07,1696.39,1703.74,1700.07,1696.39,1703.74,1699.43,1690.14,1707.99,1699.43,1690.14,1707.99,0,0,0
98,0,0,-2.5,-0.025,0,1699.935,1699.935,1698.730514,1698.730514,0,1706.52,1703.55,1700.08,1696.40,1703.76,1700.08,1696.40,1703.76,1699.86,1690.90,1708.71,1699.86,1690.90,1708.71,0,0,0
99,0,0,-1.5,-0.015,0,1699.961,1699.961,1700.316246,1700.316246,0,1678.27,1751.22,1700.09,1696.39,1703.77,1700.09,1696.39,1703.77,1700.17,1691.51,1709.01,1700.17,1691.51,1709.01,0,0,0
100,0,0,-0.5,-0.005,0,1699.987,1699.987,1701.820486,1701.820486,0,1722.88,1667.38,1700.10,1696.39,1703.78,1700.10,1696.39,1703.78,1700.97,1692.52,1710.39,1700.97,1692.52,1710.39,0,0,0
101,0,0,0.5,0.005,0,1700.013,1700.013,1700.747506,1700.747506,0,1727.90,1688.90,1700.11,1696.41,1703.81,1700.11,1696.41,1703.81,1701.29,1692.52,1711.02,1701.29,1692.52,1711.02,0,0,0
102,0,0,1.5,0.015,0,1700.039,1700.039,1703.675429,1703.675429,0,1672.74,1798.61,1700.11,1696.42,1703.83,1700.11,1696.42,1703.83,1701.07,1692.51,1710.06,1701.07,1692.51,1710.06,0,0,0
103,0,0,2.5,0.025,0,1700.065,1700.065,1702.851522,1702.851522,0,1707.75,1695.49,1700.12,1696.44,1703.85,1700.12,1696.44,1703.85,1701.58,1693.21,1711.12,1701.58,1693.21,1711.12,0,0,0
104,0,0,3.5,0.035,0,1700.091,1700.091,1700.140601,1700.140601,0,1694.56,1780.82,1700.13,1696.43,1703.85,1700.13,1696.43,1703.85,1701.95,1693.50,1711.79,1701.95,1693.50,1711.79,0,0,0
105,0,0,4.5,0.045,0,1700.117,1700.117,1699.632545,1699.632545,0,1728.48,1603.67,1700.14,1696.40,1703.87,1700.14,1696.40,1703.87,1702.67,1694.60,1713.01,1702.67,1694.60,1713.01,0,0,0
106,0,0,5.5,0.055,0,1700.143,1700.143,1700.321419,1700.321419,0,1704.84,1691.44,1700.15,1696.40,1703.92,1700.15,1696.40,1703.92,1702.89,1694.50,1713.28,1702.89,1694.50,1713.28,0,0,0
107,0,0,6.5,0.065,0,1700.169,1700.169,1699.887319,1699.887319,0,1718.95,1769.15,1700.16,1696.40,1703.93,1700.16,1696.40,1703.93,1703.20,1694.89,1713.90,1703.20,1694.89,1713.90,0,0,0
108,0,0,7.5,0.075,0,1700.195,1700.195,1703.989871,1703.989871,0,1702.46,1743.61,1700.17,1696.39,1703.95,1700.17,1696.39,1703.95,1703.37,1695.28,1713.99,1703.37,1695.28,1713.99,0,0,0
109,0,0,8.5,0.085,0,1700.221,1700.221,1705.228057,1705.228057,0,1711.51,1790.35,1700.18,1696.39,1703.97,1700.18,1696.39,1703.97,1703.73,1695.70,1714.77,1703.73,1695.70,1714.77,0,0,0
110,0,0,9.5,0.095,0,1700.247,1700.247,1707.945876,1707.945876,0,1750.60,1688.66,1700.19,1696.38,1703.99,1700.19,1696.38,1703.99,1704.10,1695.79,1715.98,1704.10,1695.79,1715.98,0,0,0
111,0,0,10.5,0.105,0,1700.273,1700.273,1709.826639,1709.826639,0,1751.35,1718.24,1700.19,1696.36,1704.00,1700.19,1696.36,1704.00,1703.65,1695.45,1715.24,1703.65,1695.45,1715.24,0,0,0
112,0,0,11.5,0.115,0,1700.299,1700.299,1706.030016,1706.030016,0,1672.10,1576.33,1700.20,1696.36,1704.06,1700.20,1696.36,1704.06,1702.32,1694.03,1712.47,1702.32,1694.03,1712.47,0,0,0
113,0,0,12.5,0.125,0,1700.325,1700.325,1704.893649,1704.893649,0,1712.52,1628.02,1700.21,1696.34,1704.07,1700.21,1696.34,1704.07,1701.79,1693.52,1711.50,1701.79,1693.52,1711.50,0,0,0
114,0,0,13.5,0.135,0,1700.351,1700.351,1699.618963,1699.618963,0,1704.44,1729.62,1700.22,1696.33,1704.09,1700.22,1696.33,1704.09,1701.08,1692.28,1710.34,1701.08,1692.28,1710.34,0,0,0
115,0,0,14.5,0.145,0,1700.377,1700.377,1698.516092,1698.516092,0,1677.04,1664.64,1700.23,1696.32,1704.13,1700.23,1696.32,1704.13,1700.34,1691.33,1709.51,1700.34,1691.33,1709.51,0,0,0
116,0,0,15.5,0.155,0,1700.403,1700.403,1700.674232,1700.674232,0,1685.31,1748.42,1700.24,1696.30,1704.16,1700.24,1696.30,1704.16,1700.10,1691.08,1709.03,1700.10,1691.08,1709.03,0,0,0
117,0,0,16.5,0.165,0,1700.429,1700.429,1699.136834,1699.136834,0,1702.84,1683.08,1700.25,1696.29,1704.18,1700.25,1696.29,1704.18,1700.19,1691.49,1708.91,1700.19,1691.49,1708.91,0,0,0
118,0,0,17.5,0.175,0,1700.455,1700.455,1698.096248,1698.096248,0,1717.22,1728.98,1700.26,1696.27,1704.21,1700.26,1696.27,1704.21,1700.25,1691.27,1709.23,1700.25,1691.27,1709.23,0,0,0
119,0,0,18.5,0.185,0,1700.481,1700.481,1698.874069,1698.874069,0,1709.34,1652.87,1700.27,1696.25,1704.22,1700.27,1696.25,1704.22,1699.85,1691.24,1708.66,1699.85,1691.24,1708.66,0,0,0
120,0,0,19.5,0.195,0,1700.507,1700.507,1700.421874,1700.421874,0,1692.05,1643.09,1700.28,1696.23,1704.25,1700.28,1696.23,1704.25,1699.29,1689.99,1708.05,1699.29,1689.99,1708.05,0,0,0
121,0,0,20.5,0.205,0,1700.533,1700.533,1699.7894,1699.7894,0,1678.57,1760.50,1700.28,1696.24,1704.28,1700.28,1696.24,1704.28,1698.83,1689.09,1707.37,1698.83,1689.09,1707.37,0,0,0
122,0,0,21.5,0.215,0,1700.559,1700.559,1699.390506,1699.390506,0,1657.52,1731.48,1700.29,1696.24,1704.34,1700.29,1696.24,1704.34,1698.66,1688.64,1707.10,1698.66,1688.64,1707.10,0,0,0
123,0,0,22.5,0.225,0,1700.585,1700.585,1700.942232,1700.942232,0,1731.74,1702.10,1700.30,1696.24,1704.39,1700.30,1696.24,1704.39,1699.36,1689.64,1708.29,1699.36,1689.64,1708.29,0,0,0
124,0,0,23.5,0.235,0,1700.611,1700.611,1701.373039,1701.373039,0,1690.24,1748.58,1700.31,1696.24,1704.43,1700.31,1696.24,1704.43,1699.29,1689.53,1707.97,1699.29,1689.53,1707.97,0,0,0
125,0,0,24.5,0.245,0,1700.637,1700.637,1700.80064,1700.80064,0,1683.61,1750.94,1700.32,1696.21,1704.46,1700.32,1696.21,1704.46,1699.38,1689.57,1708.26,1699.38,1689.57,1708.26,0,0,0
126,0,0,25.5,0.255,0,1700.663,1700.663,1701.355735,1701.355735,0,1708.11,1765.30,1700.33,1696.20,1704.49,1700.33,1696.20,1704.49,1699.79,1690.17,1708.91,1699.79,1690.17,1708.91,0,0,0
127,0,0,26.5,0.265,0,1700.689,1700.689,1701.439415,1701.439415,0,1699.72,1683.98,1700.34,1696.20,1704.53,1700.34,1696.20,1704.53,1700.00,1690.60,1709.25,1700.00,1690.60,1709.25,0,0,0
128,0,0,27.5,0.275,0,1700.715,1700.715,1701.839801,1701.839801,0,1701.51,1661.28,1700.35,1696.18,1704.57,1700.35,1696.18,1704.57,1700.16,1691.08,1709.35,1700.16,1691.08,1709.35,0,0,0
129,0,0,28.5,0.285,0,1700.741,1700.741,1705.354113,1705.354113,0,1718.50,1708.57,1700.36,1696.16,1704.61,1700.36,1696.16,1704.61,1700.27,1690.92,1709.55,1700.27,1690.92,1709.55,0,0,0
130,0,0,29.5,0.295,0,1700.767,1700.767,1704.43777,1704.43777,0,1694.71,1724.53,1700.36,1696.15,1704.65,1700.36,1696.15,1704.65,1699.95,1690.66,1708.72,1699.95,1690.66,1708.72,0,0,0
131,0,0,30.5,0.305,0,1700.793,1700.793,1703.174615,1703.174615,0,1682.02,1630.62,1700.37,1696.15,1704.68,1700.37,1696.15,1704.68,1699.81,1690.43,1708.48,1699.81,1690.43,1708.48,0,0,0
132,0,0,31.5,0.315,0,1700.819,1700.819,1705.530701,1705.530701,0,1702.68,1583.54,1700.38,1696.12,1704.71,1700.38,1696.12,1704.71,1699.97,1690.59,1708.81,1699.97,1690.59,1708.81,0,0,0
133,0,0,32.5,0.325,0,1700.845,1700.845,1703.885584,1703.885584,0,1705.20,1726.90,1700.39,1696.10,1704.75,1700.39,1696.10,1704.75,1700.04,1690.82,1708.86,1700.04,1690.82,1708.86,0,0,0
134,0,0,33.5,0.335,0,1700.871,1700.871,1706.740218,1706.740218,0,1684.97,1775.12,1700.40,1696.07,1704.77,1700.40,1696.07,1704.77,1699.97,1690.75,1708.96,1699.97,1690.75,1708.96,0,0,0
135,0,0,34.5,0.345,0,1700.897,1700.897,1705.923205,1705.923205,0,1683.82,1713.48,1700.41,1696.07,1704.81,1700.41,1696.07,1704.81,1700.20,1691.30,1708.98,1700.20,1691.30,1708.98,0,0,0
136,0,0,35.5,0.355,0,1700.923,1700.923,1705.6561,1705.6561,0,1684.71,1692.04,1700.42,1696.03,1704.85,1700.42,1696.03,1704.85,1700.87,1692.14,1710.03,1700.87,1692.14,1710.03,0,0,0
137,0,0,36.5,0.365,0,1700.949,1700.949,1706.600063,1706.600063,0,1722.92,1717.35,1700.43,1695.99,1704.91,1700.43,1695.99,1704.91,1701.86,1693.71,1711.38,1701.86,1693.71,1711.38,0,0,0
138,0,0,37.5,0.375,0,1700.975,1700.975,1708.333655,1708.333655,0,1736.02,1720.60,1700.44,1695.95,1704.95,1700.44,1695.95,1704.95,1702.48,1694.35,1713.14,1702.48,1694.35,1713.14,0,0,0
139,0,0,38.5,0.385,0,1701.001,1701.001,1709.54164,1709.54164,0,1735.01,1654.26,1700.44,1695.93,1705.01,1700.44,1695.93,1705.01,1702.42,1694.18,1712.56,1702.42,1694.18,1712.56,0,0,0
140,0,0,39.5,0.395,0,1701.027,1701.027,1708.493925,1708.493925,0,1690.23,1724.24,1700.45,1695.90,1705.06,1700.45,1695.90,1705.06,1701.82,1693.35,1711.78,1701.82,1693.35,1711.78,0,0,0
141,0,0,40.5,0.405,0,1701.053,1701.053,1707.239079,1707.239079,0,1693.37,1773.21,1700.46,1695.89,1705.11,1700.46,1695.89,1705.11,1701.55,1693.04,1711.17,1701.55,1693.04,1711.17,0,0,0
142,0,0,41.5,0.415,0,1701.079,1701.079,1707.371724,1707.371724,0,1681.83,1730.19,1700.47,1695.85,1705.15,1700.47,1695.85,1705.15,1701.51,1692.99,1710.91,1701.51,1692.99,1710.91,0,0,0
143,0,0,42.5,0.425,0,1701.105,1701.105,1707.11288,1707.11288,0,1743.85,1699.92,1700.48,1695.81,1705.19,1700.48,1695.81,1705.19,1701.97,1693.29,1711.84,1701.97,1693.29,1711.84,0,0,0
144,0,0,43.5,0.435,0,1701.131,1701.131,1705.478238,1705.478238,0,1695.79,1747.78,1700.49,1695.79,1705.25,1700.49,1695.79,1705.25,1701.54,1692.83,1711.01,1701.54,1692.83,1711.01,0,0,0
145,0,0,44.5,0.445,0,1701.157,1701.157,1705.87185,1705.87185,0,1705.12,1740.15,1700.50,1695.76,1705.28,1700.50,1695.76,1705.28,1701.32,1692.35,1710.63,1701.32,1692.35,1710.63,0,0,0
146,0,0,45.5,0.455,0,1701.183,1701.183,1707.286157,1707.286157,0,1697.77,1651.49,1700.51,1695.74,1705.33,1700.51,1695.74,1705.33,1701.04,1691.81,1710.43,1701.04,1691.81,1710.43,0,0,0
147,0,0,46.5,0.465,0,1701.209,1701.209,1707.099697,1707.099697,0,1710.45,1779.58,1700.52,1695.71,1705.38,1700.52,1695.71,1705.38,1700.87,1691.86,1709.84,1700.87,1691.86,1709.84,0,0,0
148,0,0,47.5,0.475,0,1701.235,1701.235,1709.44572,1709.44572,0,1688.47,1755.52,1700.53,1695.66,1705.43,1700.53,1695.66,1705.43,1700.50,1691.44,1709.51,1700.50,1691.44,1709.51,0,0,0
149,0,0,48.5,0.485,0,1701.261,1701.261,1709.529487,1709.529487,0,1697.12,1729.23,1700.53,1695.63,1705.47,1700.53,1695.63,1705.47,1700.40,1691.51,1709.25,1700.40,1691.51,1709.25,0,0,0
150,0,0,49.5,0.495,0,1701.287,1701.287,1708.589624,1708.589624,0,1690.35,1735.27,1700.54,1695.61,1705.52,1700.54,1695.61,1705.52,1700.38,1690.97,1709.41,1700.38,1690.97,1709.41,0,0,0
151,0,0,50.5,0.505,0,1701.313,1701.313,1708.187881,1708.187881,0,1660.88,1721.52,1700.55,1695.57,1705.58,1700.55,1695.57,1705.58,1700.52,1690.95,1709.52,1700.52,1690.95,1709.52,0,0,0
152,0,0,51.5,0.515,0,1701.339,1701.339,1706.631773,1706.631773,0,1711.72,1666.82,1700.56,1695.53,1705.62,1700.56,1695.53,1705.62,1701.60,1692.65,1711.09,1701.60,1692.65,1711.09,0,0,0
153,0,0,52.5,0.525,0,1701.365,1701.365,1704.354095,1704.354095,0,1719.11,1740.70,1700.57,1695.50,1705.68,1700.57,1695.50,1705.68,1702.38,1693.96,1712.51,1702.38,1693.96,1712.51,0,0,0
154,0,0,53.5,0.535,0,1701.391,1701.391,1704.974798,1704.974798,0,1724.37,1708.09,1700.58,1695.49,1705.72,1700.58,1695.49,1705.72,1702.95,1694.48,1713.77,1702.95,1694.48,1713.77,0,0,0
155,0,0,54.5,0.545,0,1701.417,1701.417,1703.154324,1703.154324,0,1734.34,1766.12,1700.59,1695.45,1705.78,1700.59,1695.45,1705.78,1703.17,1694.60,1713.57,1703.17,1694.60,1713.57,0,0,0
156,0,0,55.5,0.555,0,1701.443,1701.443,1702.372492,1702.372492,0,1721.37,1674.43,1700.60,1695.40,1705.83,1700.60,1695.40,1705.83,1702.88,1694.31,1713.54,1702.88,1694.31,1713.54,0,0,0
157,0,0,56.5,0.565,0,1701.469,1701.469,1702.139653,1702.139653,0,1700.69,1660.90,1700.61,1695.38,1705.88,1700.61,1695.38,1705.88,1702.26,1693.62,1712.20,1702.26,1693.62,1712.20,0,0,0
158,0,0,57.5,0.575,0,1701.495,1701.495,1702.781268,1702.781268,0,1713.64,1655.35,1700.61,1695.37,1705.95,1700.61,1695.37,1705.95,1701.79,1692.82,1711.52,1701.79,1692.82,1711.52,0,0,0
159,0,0,58.5,0.585,0,1701.521,1701.521,1703.510538,1703.510538,0,1692.89,1761.82,1700.62,1695.34,1705.99,1700.62,1695.34,1705.99,1701.22,1692.32,1710.90,1701.22,1692.32,1710.90,0,0,0
160,0,0,59.5,0.595,0,1701.547,1701.547,1703.451058,1703.451058,0,1719.30,1702.09,1700.63,1695.31,1706.05,1700.63,1695.31,1706.05,1700.77,1691.80,1709.90,1700.77,1691.80,1709.90,0,0,0
161,0,0,60.5,0.605,0,1701.573,1701.573,1699.824459,1699.824459,0,1694.08,1670.56,1700.64,1695.30,1706.12,1700.64,1695.30,1706.12,1699.89,1690.52,1708.59,1699.89,1690.52,1708.59,0,0,0
162,0,0,61.5,0.615,0,1701.599,1701.599,1699.594556,1699.594556,0,1653.09,1630.77,1700.65,1695.26,1706.17,1700.65,1695.26,1706.17,1699.13,1689.20,1707.42,1699.13,1689.20,1707.42,0,0,0
163,0,0,62.5,0.625,0,1701.625,1701.625,1698.36102,1698.36102,0,1697.73,1839.36,1700.66,1695.23,1706.23,1700.66,1695.23,1706.23,1699.34,1689.70,1707.92,1699.34,1689.70,1707.92,0,0,0
164,0,0,63.5,0.635,0,1701.651,1701.651,1698.423793,1698.423793,0,1699.65,1704.53,1700.67,1695.22,1706.27,1700.67,1695.22,1706.27,1699.48,1689.65,1708.44,1699.48,1689.65,1708.44,0,0,0
165,0,0,64.5,0.645,0,1701.677,1701.677,1700.468437,1700.468437,0,1676.97,1666.62,1700.68,1695.18,1706.34,1700.68,1695.18,1706.34,1699.59,1690.28,1708.35,1699.59,1690.28,1708.35,0,0,0
166,0,0,65.5,0.655,0,1701.703,1701.703,1702.015886,1702.015886,0,1711.50,1676.91,1700.69,1695.14,1706.43,1700.69,1695.14,1706.43,1700.12,1690.74,1709.22,1700.12,1690.74,1709.22,0,0,0
167,0,0,66.5,0.665,0,1701.729,1701.729,1702.389529,1702.389529,0,1726.13,1767.43,1700.70,1695.14,1706.50,1700.70,1695.14,1706.50,1700.36,1691.05,1709.13,1700.36,1691.05,1709.13,0,0,0
168,0,0,67.5,0.675,0,1701.755,1701.755,1703.249134,1703.249134,0,1680.13,1688.08,1700.70,1695.11,1706.55,1700.70,1695.11,1706.55,1700.08,1691.02,1708.79,1700.08,1691.02,1708.79,0,0,0
169,0,0,68.5,0.685,0,1701.781,1701.781,1700.452549,1700.452549,0,1715.57,1641.89,1700.71,1695.08,1706.60,1700.71,1695.08,1706.60,1700.23,1690.93,1709.28,1700.23,1690.93,1709.28,0,0,0
170,0,0,69.5,0.695,0,1701.807,1701.807,1700.911666,1700.911666,0,1718.26,1696.48,1700.72,1695.05,1706.67,1700.72,1695.05,1706.67,1699.97,1690.66,1708.74,1699.97,1690.66,1708.74,0,0,0
171,0,0,70.5,0.705,0,1701.833,1701.833,1702.109493,1702.109493,0,1683.10,1792.51,1700.73,1695.02,1706.72,1700.73,1695.02,1706.72,1699.29,1689.64,1707.88,1699.29,1689.64,1707.88,0,0,0
172,0,0,71.5,0.715,0,1701.859,1701.859,1700.818424,1700.818424,0,1691.96,1770.07,1700.74,1694.98,1706.78,1700.74,1694.98,1706.78,1698.93,1689.26,1707.65,1698.93,1689.26,1707.65,0,0,0
173,0,0,72.5,0.725,0,1701.885,1701.885,1701.632728,1701.632728,0,1679.77,1774.97,1700.75,1694.95,1706.84,1700.75,1694.95,1706.84,1698.62,1688.69,1707.24,1698.62,1688.69,1707.24,0,0,0
174,0,0,73.5,0.735,0,1701.911,1701.911,1700.969502,1700.969502,0,1689.40,1664.34,1700.76,1694.89,1706.89,1700.76,1694.89,1706.89,1698.68,1688.52,1707.60,1698.68,1688.52,1707.60,0,0,0
175,0,0,74.5,0.745,0,1701.937,1701.937,1702.847814,1702.847814,0,1701.85,1624.02,1700.77,1694.84,1706.94,1700.77,1694.84,1706.94,1698.89,1689.13,1707.68,1698.89,1689.13,1707.68,0,0,0
176,0,0,75.5,0.755,0,1701.963,1701.963,1704.772183,1704.772183,0,1728.10,1684.29,1700.78,1694.79,1706.99,1700.78,1694.79,1706.99,1698.89,1688.80,1707.87,1698.89,1688.80,1707.87,0,0,0
177,0,0,76.5,0.765,0,1701.989,1701.989,1703.586919,1703.586919,0,1690.81,1681.10,1700.78,1694.76,1707.04,1700.78,1694.76,1707.04,1698.15,1687.26,1707.03,1698.15,1687.26,1707.03,0,0,0
178,0,0,77.5,0.775,0,1702.015,1702.015,1706.094426,1706.094426,0,1675.00,1706.62,1700.79,1694.74,1707.10,1700.79,1694.74,1707.10,1697.40,1686.16,1706.02,1697.40,1686.16,1706.02,0,0,0
179,0,0,78.5,0.785,0,1702.041,1702.041,1705.428007,1705.428007,0,1642.54,1756.29,1700.80,1694.69,1707.17,1700.80,1694.69,1707.17,1697.06,1685.47,1705.71,1697.06,1685.47,1705.71,0,0,0
180,0,0,79.5,0.795,0,1702.067,1702.067,1708.870627,1708.870627,0,1695.48,1678.30,1700.81,1694.64,1707.25,1700.81,1694.64,1707.25,1697.70,1686.81,1706.31,1697.70,1686.81,1706.31,0,0,0
181,0,0,80.5,0.805,0,1702.093,1702.093,1707.443619,1707.443619,0,1681.17,1665.26,1700.82,1694.59,1707.31,1700.82,1694.59,1707.31,1698.21,1688.25,1706.76,1698.21,1688.25,1706.76,0,0,0
182,0,0,81.5,0.815,0,1702.119,1702.119,1707.132411,1707.132411,0,1710.84,1647.15,1700.83,1694.54,1707.38,1700.83,1694.54,1707.38,1699.05,1689.17,1708.03,1699.05,1689.17,1708.03,0,0,0
183,0,0,82.5,0.825,0,1702.145,1702.145,1707.117159,1707.117159,0,1711.71,1747.48,1700.84,1694.49,1707.46,1700.84,1694.49,1707.46,1699.47,1689.47,1708.54,1699.47,1689.47,1708.54,0,0,0
184,0,0,83.5,0.835,0,1702.171,1702.171,1705.370033,1705.370033,0,1673.63,1728.13,1700.85,1694.46,1707.51,1700.85,1694.46,1707.51,1699.55,1689.58,1708.96,1699.55,1689.58,1708.96,0,0,0
185,0,0,84.5,0.845,0,1702.197,1702.197,1702.010508,1702.010508,0,1709.26,1751.50,1700.86,1694.40,1707.56,1700.86,1694.40,1707.56,1700.13,1690.64,1709.12,1700.13,1690.64,1709.12,0,0,0
186,0,0,85.5,0.855,0,1702.223,1702.223,1700.58822,1700.58822,0,1696.36,1630.20,1700.86,1694.36,1707.64,1700.86,1694.36,1707.64,1700.48,1690.79,1709.81,1700.48,1690.79,1709.81,0,0,0
187,0,0,86.5,0.865,0,1702.249,1702.249,1702.664373,1702.664373,0,1697.60,1676.45,1700.87,1694.33,1707.71,1700.87,1694.33,1707.71,1700.91,1691.54,1710.50,1700.91,1691.54,1710.50,0,0,0
188,0,0,87.5,0.875,0,1702.275,1702.275,1702.041623,1702.041623,0,1691.63,1773.02,1700.88,1694.33,1707.76,1700.88,1694.33,1707.76,1701.39,1692.20,1710.73,1701.39,1692.20,1710.73,0,0,0
189,0,0,88.5,0.885,0,1702.301,1702.301,1701.474301,1701.474301,0,1720.68,1723.80,1700.89,1694.28,1707.82,1700.89,1694.28,1707.82,1702.16,1693.19,1712.26,1702.16,1693.19,1712.26,0,0,0
190,0,0,89.5,0.895,0,1702.327,1702.327,1704.27276,1704.27276,0,1716.16,1769.30,1700.90,1694.25,1707.89,1700.90,1694.25,1707.89,1702.63,1693.66,1712.69,1702.63,1693.66,1712.69,0,0,0
191,0,0,90.5,0.905,0,1702.353,1702.353,1705.007548,1705.007548,0,1708.75,1758.12,1700.91,1694.22,1707.96,1700.91,1694.22,1707.96,1702.88,1694.21,1713.22,1702.88,1694.21,1713.22,0,0,0
192,0,0,91.5,0.915,0,1702.379,1702.379,1706.061419,1706.061419,0,1729.08,1746.55,1700.92,1694.18,1708.00,1700.92,1694.18,1708.00,1703.10,1694.31,1713.71,1703.10,1694.31,1713.71,0,0,0
193,0,0,92.5,0.925,0,1702.405,1702.405,1707.297913,1707.297913,0,1707.99,1673.70,1700.93,1694.12,1708.07,1700.93,1694.12,1708.07,1702.81,1693.87,1713.25,1702.81,1693.87,1713.25,0,0,0
194,0,0,93.5,0.935,0,1702.431,1702.431,1705.275208,1705.275208,0,1708.05,1699.04,1700.94,1694.07,1708.13,1700.94,1694.07,1708.13,1702.55,1693.35,1712.97,1702.55,1693.35,1712.97,0,0,0
195,0,0,94.5,0.945,0,1702.457,1702.457,1705.274258,1705.274258,0,1715.98,1722.76,1700.95,1694.04,1708.22,1700.95,1694.04,1708.22,1702.32,1692.89,1712.54,1702.32,1692.89,1712.54,0,0,0
196,0,0,95.5,0.955,0,1702.483,1702.483,1705.321348,1705.321348,0,1699.91,1834.54,1700.95,1693.99,1708.29,1700.95,1693.99,1708.29,1701.84,1692.49,1711.37,1701.84,1692.49,1711.37,0,0,0
197,0,0,96.5,0.965,0,1702.509,1702.509,1704.8104,1704.8104,0,1680.77,1745.62,1700.96,1693.94,1708.38,1700.96,1693.94,1708.38,1701.47,1691.77,1711.03,1701.47,1691.77,1711.03,0,0,0
198,0,0,97.5,0.975,0,1702.535,1702.535,1702.660911,1702.660911,0,1737.91,1697.49,1700.97,1693.89,1708.45,1700.97,1693.89,1708.45,1701.58,1692.14,1711.45,1701.58,1692.14,1711.45,0,0,0
199,0,0,98.5,0.985,0,1702.561,1702.561,1703.487722,1703.487722,0,1722.35,1713.73,1700.98,1693.83,1708.50,1700.98,1693.83,1708.50,1700.85,1691.29,1710.20,1700.85,1691.29,1710.20,0,0,0
200,0,0,99.5,0.995,0,1702.587,1702.587,1700.430431,1700.430431,0,1674.44,1724.26,1700.99,1693.78,1708.57,1700.99,1693.78,1708.57,1699.63,1688.80,1708.74,1699.63,1688.80,1708.74,0,0,0
201,1,1,100.5,1.005,0.01,1737.733,1702.613,1701.727916,1698.918316,2.8096,1682.06,1691.17,1738.71,1729.60,1749.26,1701.00,1693.72,1708.65,1705.55,1694.66,1714.95,1698.90,1687.10,1708.30,6.655196637,2.934986611,12.27552549
202,1,2,101.5,1.015,0.02,1737.879,1702.639,1703.163194,1697.759162,5.404032,1681.85,1743.51,1738.81,1729.79,1749.28,1701.01,1693.67,1708.70,1710.55,1699.71,1720.85,1698.57,1686.60,1708.34,11.98152016,5.61702932,20.69695223
203,1,3,102.5,1.025,0.03,1738.025,1702.665,1705.210302,1697.409792,7.80050944,1674.74,1765.83,1738.92,1729.99,1749.29,1701.02,1693.63,1708.76,1714.97,1703.74,1725.96,1698.69,1686.34,1708.30,16.28498529,8.071738805,26.61592023
204,1,4,103.5,1.035,0.04,1738.171,1702.691,1709.361124,1699.346255,10.01486868,1716.60,1844.90,1739.02,1730.19,1749.25,1701.03,1693.60,1708.82,1719.35,1708.29,1730.36,1699.56,1688.23,1709.78,19.79216899,10.31315236,30.82801138
205,1,5,104.5,1.045,0.05,1738.317,1702.717,1714.659619,1702.59794,12.06167919,1744.70,1798.72,1739.13,1730.39,1749.26,1701.03,1693.58,1708.89,1723.15,1712.10,1734.58,1700.48,1689.76,1710.68,22.67324873,12.33754793,33.82440439
206,1,6,105.5,1.055,0.06,1738.463,1702.743,1719.664021,1705.709676,13.95434485,1727.41,1737.08,1739.23,1730.58,1749.24,1701.04,1693.54,1708.96,1725.85,1714.52,1737.55,1700.79,1689.50,1711.61,25.05765305,14.20517893,36.13224866
207,1,7,106.5,1.065,0.07,1738.609,1702.769,1722.630886,1706.925689,15.70519727,1753.81,1688.87,1739.34,1730.74,1749.25,1701.05,1693.50,1709.01,1728.15,1716.98,1739.59,1701.10,1689.94,1712.10,27.04491321,15.8758051,38.14948511
208,1,8,107.5,1.075,0.08,1738.755,1702.795,1724.712264,1707.386683,17.32558149,1716.35,1658.59,1739.44,1730.95,1749.24,1701.06,1693.45,1709.07,1729.54,1718.55,1740.07,1700.83,1689.59,1711.86,28.71232565,17.42700345,39.68745755
209,1,9,108.5,1.085,0.09,1738.901,1702.821,1721.641575,1702.81564,18.82593497,1726.90,1776.67,1739.54,1731.14,1749.24,1701.07,1693.40,1709.13,1731.00,1720.26,1741.27,1700.87,1689.44,1712.15,30.12045074,18.82152286,41.09260886
210,1,10,109.5,1.095,0.1,1739.047,1702.847,1725.068225,1704.852364,20.21586017,1706.54,1793.00,1739.65,1731.33,1749.25,1701.08,1693.34,1709.19,1732.27,1721.97,1742.26,1700.95,1689.20,1712.31,31.31711599,20.05682368,42.2067527
211,1,11,110.5,1.105,0.11,1739.193,1702.873,1730.93031,1709.426119,21.50419136,1731.36,1813.51,1739.75,1731.53,1749.25,1701.09,1693.29,1709.24,1733.89,1723.48,1743.93,1701.55,1690.04,1713.08,32.34036817,21.01377808,43.17389983
212,1,12,111.5,1.115,0.12,1739.339,1702.899,1732.418183,1709.719127,22.69905605,1753.90,1750.49,1739.86,1731.72,1749.27,1701.10,1693.25,1709.29,1735.50,1725.33,1745.98,1702.28,1690.97,1714.26,33.22067523,21.92934647,44.04747849
213,1,13,112.5,1.125,0.13,1739.485,1702.925,1733.404799,1709.596868,23.80793156,1747.68,1735.33,1739.96,1731.89,1749.26,1701.11,1693.20,1709.34,1736.63,1726.71,1747.05,1702.65,1691.59,1715.03,33.98258596,22.6077055,44.83059418
214,1,14,113.5,1.135,0.14,1739.631,1702.951,1735.160548,1710.322851,24.83769704,1755.57,1731.72,1740.07,1732.11,1749.26,1701.12,1693.16,1709.41,1737.50,1727.70,1748.05,1702.85,1691.87,1715.58,34.64599252,23.31802186,45.42282891
215,1,15,114.5,1.145,0.15,1739.777,1702.977,1736.841395,1711.046714,25.79468128,1728.69,1783.18,1740.17,1732.31,1749.28,1701.12,1693.11,1709.48,1737.94,1728.28,1748.41,1702.72,1691.39,1715.47,35.22709913,23.94777622,45.91270093
216,1,16,115.5,1.155,0.16,1739.923,1703.003,1737.330773,1710.646066,26.68470677,1755.58,1624.75,1740.28,1732.48,1749.29,1701.13,1693.06,1709.54,1738.63,1728.97,1749.41,1702.89,1691.49,1715.48,35.73917114,24.51582922,46.37607776
217,1,17,116.5,1.165,0.17,1740.069,1703.029,1736.876963,1709.363833,27.51313023,1765.88,1641.75,1740.38,1732.67,1749.32,1701.14,1693.01,1709.59,1738.95,1729.41,1749.62,1702.75,1691.50,1715.91,36.19311847,24.98955684,46.84114575
218,1,18,117.5,1.175,0.18,1740.215,1703.055,1737.795172,1709.510293,28.28487981,1749.07,1601.97,1740.49,1732.85,1749.32,1701.15,1692.96,1709.66,1738.76,1728.88,1748.99,1702.16,1690.69,1714.67,36.59795299,25.46945985,47.20453976
219,1,19,118.5,1.185,0.19,1740.361,1703.081,1735.531218,1706.526729,29.00448943,1707.73,1711.63,1740.59,1733.03,1749.35,1701.16,1692.91,1709.72,1738.26,1728.36,1747.92,1701.30,1689.38,1713.50,36.96114942,25.86763498,47.66111844
220,1,20,119.5,1.195,0.2,1740.507,1703.107,1732.540913,1702.864782,29.67613027,1738.19,1726.13,1740.70,1733.23,1749.36,1701.17,1692.86,1709.78,1738.44,1728.42,1747.97,1701.15,1688.96,1713.34,37.28893165,26.19026554,48.06691731
221,1,21,120.5,1.205,0.21,1740.653,1703.133,1735.639569,1705.335929,30.30363985,1740.53,1801.81,1740.80,1733.40,1749.39,1701.18,1692.82,1709.85,1738.58,1728.49,1747.84,1701.00,1688.88,1713.35,37.58650121,26.5512345,48.41381215
222,1,22,121.5,1.215,0.22,1740.799,1703.159,1735.227813,1704.337265,30.89054866,1721.79,1737.98,1740.91,1733.57,1749.39,1701.19,1692.79,1709.91,1738.52,1728.66,1748.13,1700.67,1688.21,1712.78,37.85822045,26.7539542,48.65610716
223,1,23,122.5,1.225,0.23,1740.945,1703.185,1736.973908,1705.533803,31.44010477,1716.36,1766.46,1741.01,1733.73,1749.43,1701.20,1692.74,1709.97,1738.89,1728.87,1748.49,1700.78,1688.10,1713.31,38.10776015,26.94641243,49.05162545
224,1,24,123.5,1.235,0.24,1741.091,1703.211,1740.101545,1708.146248,31.95529639,1723.85,1733.80,1741.12,1733.94,1749.47,1701.20,1692.70,1710.03,1739.60,1729.82,1749.42,1701.27,1688.71,1713.93,38.33821896,27.19157893,49.36232141
225,1,25,124.5,1.245,0.25,1741.237,1703.237,1742.388886,1709.950013,32.43887268,1765.37,1715.64,1741.22,1734.14,1749.44,1701.21,1692.65,1710.09,1740.75,1731.28,1750.68,1702.20,1689.85,1715.06,38.55222056,27.43918964,49.62350881
226,1,26,125.5,1.255,0.26,1741.383,1703.263,1741.312308,1708.418945,32.89336286,1743.97,1681.23,1741.32,1734.30,1749.45,1701.22,1692.59,1710.15,1741.35,1732.07,1751.46,1702.60,1690.28,1716.14,38.75199291,27.67650433,49.83964612
227,1,27,126.5,1.265,0.27,1741.529,1703.289,1741.914201,1708.593107,33.32109383,1775.33,1756.02,1741.43,1734.47,1749.46,1701.23,1692.54,1710.22,1741.92,1732.62,1752.56,1702.98,1690.53,1715.94,38.9394332,27.90546331,50.06796136
228,1,28,127.5,1.275,0.28,1741.675,1703.315,1739.796108,1706.071902,33.72420633,1703.86,1738.18,1741.53,1734.64,1749.45,1701.24,1692.49,1710.27,1741.82,1732.23,1752.27,1702.70,1690.31,1715.69,39.11616129,28.11038609,50.29756204
229,1,29,128.5,1.285,0.29,1741.821,1703.341,1739.769868,1705.665198,34.10466982,1748.22,1681.74,1741.64,1734.82,1749.42,1701.25,1692.44,1710.33,1742.66,1733.52,1753.32,1703.37,1691.15,1716.66,39.2835638,28.26399123,50.50236418
230,1,30,129.5,1.295,0.3,1741.967,1703.367,1741.828469,1707.364173,34.46429624,1773.83,1711.20,1741.74,1735.01,1749.43,1701.26,1692.39,1710.38,1743.54,1734.29,1754.71,1704.10,1692.15,1717.98,39.44283062,28.47930679,50.77620915
231,1,31,130.5,1.305,0.31,1742.113,1703.393,1741.908879,1707.104126,34.80475254,1778.54,1683.19,1741.85,1735.20,1749.46,1701.27,1692.34,1710.45,1743.85,1734.72,1755.09,1704.25,1692.64,1718.58,39.59498524,28.66599421,51.01292983
232,1,32,131.5,1.315,0.32,1742.259,1703.419,1736.804424,1701.676851,35.12757233,1726.02,1690.10,1741.95,1735.39,1749.48,1701.28,1692.29,1710.52,1743.52,1734.25,1754.18,1703.78,1691.87,1717.26,39.74091008,28.80769305,51.18187156
233,1,33,132.5,1.325,0.33,1742.405,1703.445,1733.200196,1697.766029,35.43416655,1765.03,1801.68,1742.06,1735.57,1749.47,1701.29,1692.26,1710.58,1743.79,1734.65,1754.55,1703.91,1692.15,1717.62,39.88136758,28.8995101,51.36655968
234,1,34,133.5,1.335,0.34,1742.551,1703.471,1732.505406,1696.779573,35.72583322,1754.38,1753.23,1742.16,1735.76,1749.46,1701.29,1692.24,1710.65,1743.73,1734.76,1754.08,1703.71,1691.85,1717.23,40.01701793,29.03123115,51.50264932
235,1,35,134.5,1.345,0.35,1742.697,1703.497,1735.720568,1699.716802,36.00376657,1759.37,1764.75,1742.27,1735.96,1749.47,1701.30,1692.20,1710.71,1743.46,1734.47,1754.04,1703.32,1691.39,1717.15,40.14843398,29.19686425,51.61807978
236,1,36,135.5,1.355,0.36,1742.843,1703.523,1736.648716,1700.379651,36.26906524,1740.93,1684.52,1742.37,1736.16,1749.50,1701.31,1692.14,1710.78,1743.05,1733.96,1753.29,1702.77,1690.66,1716.07,40.27611378,29.32620823,51.73358319
237,1,37,136.5,1.365,0.37,1742.989,1703.549,1737.410231,1700.887491,36.52274002,1757.61,1705.91,1742.48,1736.35,1749.51,1701.32,1692.08,1710.86,1742.67,1733.56,1752.49,1702.27,1689.69,1715.40,40.40049119,29.42677482,51.86146949
238,1,38,137.5,1.375,0.38,1743.135,1703.575,1735.499471,1698.73375,36.76572082,1753.80,1802.74,1742.58,1736.54,1749.55,1701.33,1692.03,1710.93,1742.10,1732.33,1751.49,1701.58,1688.98,1714.45,40.52194486,29.55825777,51.97078539
239,1,39,138.5,1.385,0.39,1743.281,1703.601,1736.385571,1699.386707,36.99886315,1724.34,1698.91,1742.69,1736.72,1749.58,1701.34,1691.97,1711.00,1741.26,1731.10,1750.56,1700.62,1687.42,1713.23,40.64080588,29.65759419,52.05197695
240,1,40,139.5,1.395,0.4,1743.427,1703.627,1732.853575,1695.630621,37.2229541,1678.81,1698.64,1742.79,1736.88,1749.58,1701.35,1691.92,1711.06,1740.70,1729.77,1750.02,1699.95,1686.24,1712.34,40.75736422,29.84228706,52.14416528
241,1,41,140.5,1.405,0.41,1743.573,1703.653,1734.326427,1696.887709,37.43871777,1757.17,1771.08,1742.90,1737.04,1749.61,1701.36,1691.86,1711.11,1741.53,1731.69,1750.60,1700.66,1687.55,1712.96,40.87187434,29.95369234,52.23220292
242,1,42,141.5,1.415,0.42,1743.719,1703.679,1737.200465,1699.553645,37.64682035,1758.53,1801.99,1743.00,1737.21,1749.64,1701.37,1691.80,1711.17,1741.92,1732.35,1751.35,1700.93,1687.85,1713.72,40.98455986,30.08085163,52.39169151
243,1,43,142.5,1.425,0.43,1743.865,1703.705,1736.261971,1698.414096,37.84787472,1751.31,1804.23,1743.10,1737.38,1749.66,1701.37,1691.75,1711.24,1741.87,1732.07,1751.13,1700.77,1687.62,1713.87,41.09561765,30.18372038,52.52501106
244,1,44,143.5,1.435,0.44,1744.011,1703.731,1738.833806,1700.791361,38.04244475,1730.95,1751.10,1743.21,1737.55,1749.69,1701.38,1691.71,1711.30,1741.58,1731.38,1750.54,1700.38,1686.88,1713.03,41.20522127,30.32176049,52.59377754
245,1,45,144.5,1.445,0.45,1744.157,1703.757,1737.96385,1699.732801,38.23104917,1730.05,1704.03,1743.31,1737.72,1749.71,1701.39,1691.66,1711.36,1741.52,1731.52,1750.57,1700.21,1686.52,1712.61,41.31352401,30.42601921,52.71768795
246,1,46,145.5,1.455,0.46,1744.303,1703.783,1738.736257,1700.322091,38.41416523,1707.47,1758.66,1743.42,1737.92,1749.75,1701.40,1691.61,1711.43,1741.58,1731.69,1750.63,1700.16,1687.02,1713.01,41.42066145,30.5118341,52.83732677
247,1,47,146.5,1.465,0.47,1744.449,1703.809,1738.948591,1700.356359,38.59223201,1771.62,1767.21,1743.52,1738.11,1749.78,1701.41,1691.56,1711.50,1742.40,1732.74,1751.66,1700.87,1687.78,1713.99,41.52675364,30.65253535,52.91499567
248,1,48,147.5,1.475,0.48,1744.595,1703.835,1739.569265,1700.803612,38.76565345,1738.11,1727.71,1743.63,1738.27,1749.80,1701.42,1691.51,1711.59,1742.55,1733.08,1751.62,1700.92,1687.93,1714.21,41.63190711,30.73322127,53.00049569
249,1,49,148.5,1.485,0.49,1744.741,1703.861,1742.731521,1703.79672,38.93480118,1759.86,1730.05,1743.73,1738.40,1749.82,1701.43,1691.47,1711.64,1742.79,1733.43,1751.87,1701.06,1687.69,1713.99,41.73621644,30.80644563,53.14858378
250,1,50,149.5,1.495,0.5,1744.887,1703.887,1744.490148,1705.390131,39.10001708,1737.80,1786.57,1743.84,1738.55,1749.85,1701.44,1691.42,1711.70,1742.61,1733.25,1751.38,1700.77,1687.17,1713.79,41.83976579,30.87841332,53.33235141
251,1,51,150.5,1.505,0.51,1745.033,1703.913,1743.313677,1704.052062,39.26161572,1696.57,1851.54,1743.94,1738.73,1749.88,1701.45,1691.38,1711.77,1742.59,1733.21,1751.34,1700.64,1687.15,1713.60,41.9426301,30.93969649,53.42780274
252,1,52,151.5,1.515,0.52,1745.179,1703.939,1738.485971,1699.066085,39.41988646,1754.66,1646.47,1744.05,1738.90,1749.90,1701.45,1691.34,1711.85,1743.54,1734.74,1752.59,1701.49,1688.37,1714.74,42.0448762,30.99789875,53.52935304
253,1,53,152.5,1.525,0.53,1745.325,1703.965,1740.64374,1701.068644,39.57509554,1765.31,1743.01,1744.15,1739.07,1749.94,1701.46,1691.30,1711.92,1744.25,1736.00,1753.21,1702.10,1689.16,1715.21,42.14656377,31.06541179,53.64142368
254,1,54,153.5,1.535,0.54,1745.471,1703.991,1742.404958,1702.67747,39.7274879,1779.96,1655.66,1744.26,1739.22,1749.98,1701.47,1691.24,1711.99,1744.46,1736.01,1753.83,1702.21,1688.86,1715.91,42.24774616,31.14482969,53.72051938
255,1,55,154.5,1.545,0.55,1745.617,1704.017,1742.959842,1703.082553,39.87728887,1741.08,1747.06,1744.36,1739.40,1750.00,1701.48,1691.19,1712.06,1743.97,1735.22,1752.72,1701.62,1688.44,1715.18,42.34847116,31.20038431,53.80649655
256,1,56,155.5,1.555,0.56,1745.763,1704.043,1742.179351,1702.154645,40.02470576,1733.01,1725.34,1744.47,1739.54,1750.03,1701.49,1691.14,1712.13,1743.59,1734.22,1752.56,1701.14,1687.39,1714.14,42.44878155,31.24697403,53.90946991
257,1,57,156.5,1.565,0.57,1745.909,1704.069,1745.354857,1705.184928,40.1699293,1748.78,1857.59,1744.57,1739.67,1750.06,1701.50,1691.08,1712.20,1743.47,1734.08,1752.46,1700.92,1686.89,1713.98,42.54871575,31.35479137,54.03966137
258,1,58,157.5,1.575,0.58,1746.055,1704.095,1742.193887,1701.880752,40.31313495,1721.76,1772.11,1744.68,1739.81,1750.14,1701.51,1691.03,1712.26,1743.13,1733.36,1751.90,1700.48,1686.45,1713.59,42.64830827,31.42615414,54.15714863
259,1,59,158.5,1.585,0.59,1746.201,1704.121,1741.102575,1700.648091,40.45448416,1723.94,1682.75,1744.78,1739.96,1750.18,1701.52,1690.99,1712.32,1743.28,1733.31,1752.22,1700.54,1686.32,1713.31,42.74759014,31.51267175,54.27132713
260,1,60,159.5,1.595,0.6,1746.347,1704.147,1738.882708,1698.288582,40.59412542,1751.47,1824.86,1744.89,1740.10,1750.28,1701.53,1690.94,1712.38,1743.82,1734.23,1752.80,1700.98,1686.53,1714.46,42.84658929,31.56567915,54.44477695
261,1,61,160.5,1.605,0.61,1746.493,1704.173,1740.159884,1699.427688,40.73219539,1735.79,1655.41,1744.99,1740.26,1750.32,1701.54,1690.90,1712.44,1744.13,1734.43,1753.09,1701.19,1687.46,1714.39,42.94533091,31.6500927,54.53296037
262,1,62,161.5,1.615,0.62,1746.639,1704.199,1739.838436,1698.969617,40.86881976,1729.55,1778.21,1745.09,1740.41,1750.38,1701.54,1690.86,1712.51,1744.58,1735.46,1753.84,1701.54,1687.66,1715.31,43.04383771,31.76455494,54.68566787
263,1,63,162.5,1.625,0.63,1746.785,1704.225,1744.194304,1703.19019,41.00411418,1752.27,1844.23,1745.20,1740.58,1750.41,1701.55,1690.82,1712.59,1745.42,1736.64,1754.88,1702.27,1688.99,1716.10,43.14213022,31.8235996,54.81309258
264,1,64,163.5,1.635,0.64,1746.931,1704.251,1744.445291,1703.307106,41.13818504,1737.74,1766.85,1745.30,1740.71,1750.49,1701.56,1690.77,1712.66,1746.12,1737.61,1755.55,1702.88,1689.73,1716.78,43.24022698,31.90223461,54.93332814
265,1,65,164.5,1.645,0.65,1747.077,1704.277,1744.225976,1702.954845,41.27113024,1792.65,1784.45,1745.41,1740.84,1750.54,1701.57,1690.73,1712.74,1747.05,1738.57,1757.49,1703.71,1690.38,1718.42,43.33814479,32.01293699,55.07053622
266,1,66,165.5,1.655,0.66,1747.223,1704.303,1745.496598,1704.093558,41.40303982,1739.88,1775.90,1745.51,1740.96,1750.62,1701.58,1690.69,1712.81,1747.13,1738.70,1757.74,1703.69,1690.33,1718.26,43.43589884,32.0766361,55.21454027
267,1,67,166.5,1.665,0.67,1747.369,1704.329,1744.328436,1702.794439,41.53399664,1775.59,1738.17,1745.62,1741.11,1750.67,1701.59,1690.64,1712.88,1747.49,1738.99,1758.03,1703.96,1690.50,1718.71,43.53350294,32.1569173,55.34023263
268,1,68,167.5,1.675,0.68,1747.515,1704.355,1742.632325,1700.968248,41.6640769,1756.86,1759.80,1745.72,1741.24,1750.73,1701.60,1690.59,1712.95,1747.37,1738.91,1757.29,1703.74,1690.36,1718.81,43.6309696,32.18113218,55.46438699
269,1,69,168.5,1.685,0.69,1747.661,1704.381,1743.997629,1702.204279,41.79335075,1763.67,1662.95,1745.83,1741.38,1750.79,1701.61,1690.54,1713.03,1747.16,1738.95,1756.86,1703.43,1689.82,1718.15,43.72831018,32.18598605,55.60621979
270,1,70,169.5,1.695,0.7,1747.807,1704.407,1743.422146,1701.500263,41.92188269,1750.78,1776.45,1745.93,1741.51,1750.89,1701.62,1690.49,1713.11,1746.67,1738.27,1756.04,1702.85,1689.22,1717.43,43.82553503,32.24869156,55.71734008
271,1,71,170.5,1.705,0.71,1747.953,1704.433,1745.541368,1703.491636,42.04973208,1742.79,1709.29,1746.04,1741.62,1750.94,1701.62,1690.44,1713.19,1746.24,1737.54,1755.50,1702.31,1688.70,1716.70,43.92265355,32.36062689,55.85325215
272,1,72,171.5,1.715,0.72,1748.099,1704.459,1746.348583,1704.171629,42.17695351,1746.56,1794.78,1746.14,1741.73,1751.00,1701.63,1690.38,1713.26,1745.85,1737.06,1754.80,1701.83,1688.00,1715.98,44.01967432,32.45609893,56.01504527
273,1,73,172.5,1.725,0.73,1748.245,1704.485,1746.709854,1704.406257,42.30359723,1734.81,1730.85,1746.25,1741.82,1751.06,1701.64,1690.33,1713.33,1745.53,1736.30,1754.33,1701.41,1687.46,1715.58,44.11660514,32.46663515,56.18149869
274,1,74,173.5,1.735,0.74,1748.391,1704.511,1746.967556,1704.537847,42.42970945,1754.57,1743.06,1746.35,1741.92,1751.17,1701.65,1690.28,1713.39,1745.43,1736.19,1754.36,1701.22,1687.40,1715.38,44.21345315,32.48786235,56.34518391
275,1,75,174.5,1.745,0.75,1748.537,1704.537,1746.937753,1704.382421,42.5553327,1766.52,1737.01,1746.46,1742.02,1751.27,1701.66,1690.22,1713.45,1745.12,1735.80,1754.05,1700.81,1686.05,1714.94,44.31022485,32.48652648,56.44528721
276,1,76,175.5,1.755,0.76,1748.683,1704.563,1747.810924,1705.130418,42.68050608,1699.24,1705.02,1746.56,1742.13,1751.37,1701.67,1690.17,1713.52,1744.20,1733.87,1752.79,1699.79,1684.61,1713.41,44.40692619,32.49898961,56.59421961
277,1,77,176.5,1.765,0.77,1748.829,1704.589,1747.177364,1704.372098,42.80526559,1721.96,1778.22,1746.67,1742.26,1751.46,1701.68,1690.12,1713.59,1744.22,1734.10,1752.73,1699.71,1684.65,1713.52,44.50356261,32.53441306,56.74185331
278,1,78,177.5,1.775,0.78,1748.975,1704.615,1743.797306,1700.867662,42.92964435,1719.94,1731.40,1746.77,1742.36,1751.54,1701.69,1690.07,1713.66,1744.55,1734.55,1753.07,1699.95,1685.12,1714.18,44.60013909,32.57018768,56.90409557
279,1,79,178.5,1.785,0.79,1749.121,1704.641,1744.363242,1701.309569,43.0536728,1757.43,1688.74,1746.87,1742.45,1751.65,1701.70,1690.02,1713.73,1745.39,1735.95,1754.20,1700.69,1686.10,1714.99,44.69666019,32.62878707,57.07354293
280,1,80,179.5,1.795,0.8,1749.267,1704.667,1743.926468,1700.749089,43.17737897,1756.44,1720.36,1746.98,1742.58,1751.70,1701.71,1689.97,1713.81,1745.84,1736.48,1754.86,1701.04,1686.36,1715.53,44.79313009,32.70849063,57.21000071
281,1,81,180.5,1.805,0.81,1749.413,1704.693,1741.886933,1698.586145,43.30078866,1733.63,1733.58,1747.08,1742.69,1751.81,1701.71,1689.92,1713.89,1746.11,1737.24,1754.82,1701.23,1686.92,1715.68,44.88955264,32.71014807,57.33207121
282,1,82,181.5,1.815,0.82,1749.559,1704.719,1743.905931,1700.482006,43.42392556,1774.01,1767.40,1747.19,1742.79,1751.92,1701.72,1689.87,1713.95,1746.65,1737.77,1756.03,1701.66,1686.95,1716.61,44.98593134,32.73482541,57.45985321
283,1,83,182.5,1.825,0.83,1749.705,1704.745,1743.685414,1700.138603,43.54681152,1736.08,1756.28,1747.29,1742.88,1752.05,1701.73,1689.82,1714.00,1746.60,1737.44,1755.80,1701.51,1686.43,1716.46,45.08226944,32.79684836,57.5656198
284,1,84,183.5,1.835,0.84,1749.851,1704.771,1741.037239,1697.367772,43.6694666,1751.82,1716.70,1747.40,1742.99,1752.18,1701.74,1689.77,1714.06,1746.71,1737.89,1756.07,1701.53,1686.47,1716.06,45.17856991,32.87220295,57.6723139
285,1,85,184.5,1.845,0.85,1749.997,1704.797,1741.619442,1697.827533,43.79190927,1757.54,1758.20,1747.50,1743.08,1752.26,1701.75,1689.73,1714.13,1746.74,1737.75,1755.99,1701.47,1686.68,1716.44,45.27483548,32.90440126,57.77372974
286,1,86,185.5,1.855,0.86,1750.143,1704.823,1741.086748,1697.172592,43.91415653,1737.81,1865.46,1747.61,1743.19,1752.39,1701.76,1689.68,1714.19,1746.59,1737.71,1755.58,1701.22,1686.01,1716.30,45.37106868,32.97114604,57.88528825
287,1,87,186.5,1.865,0.87,1750.289,1704.849,1738.760143,1694.723919,44.03622401,1759.52,1724.87,1747.71,1743.29,1752.48,1701.77,1689.63,1714.26,1746.60,1737.35,1755.63,1701.13,1685.95,1716.23,45.46727182,32.99640108,58.03929463
288,1,88,187.5,1.875,0.88,1750.435,1704.875,1740.256068,1696.097942,44.15812609,1732.80,1585.94,1747.82,1743.36,1752.61,1701.78,1689.58,1714.33,1746.35,1737.04,1755.18,1700.79,1685.53,1715.78,45.56344704,33.01205462,58.17700693
289,1,89,188.5,1.885,0.89,1750.581,1704.901,1739.191056,1694.91118,44.279876,1738.74,1677.08,1747.92,1743.42,1752.74,1701.79,1689.53,1714.40,1746.31,1737.29,1755.01,1700.65,1684.98,1715.29,45.65959632,33.02906767,58.39743677
290,1,90,189.5,1.895,0.9,1750.727,1704.927,1741.406999,1697.005513,44.40148592,1743.54,1706.05,1748.03,1743.49,1752.87,1701.79,1689.49,1714.46,1746.47,1737.47,1755.45,1700.72,1685.45,1715.42,45.75572147,33.09785128,58.61862935
291,1,91,190.5,1.905,0.91,1750.873,1704.953,1740.548798,1696.025831,44.52296705,1755.58,1806.26,1748.13,1743.60,1753.00,1701.80,1689.44,1714.53,1746.57,1737.28,1755.50,1700.72,1685.46,1715.57,45.85182417,33.09476379,58.76097595
292,1,92,191.5,1.915,0.92,1751.019,1704.979,1743.145098,1698.500768,44.64432968,1771.81,1811.09,1748.24,1743.66,1753.14,1701.81,1689.39,1714.61,1746.43,1737.06,1755.41,1700.49,1685.08,1715.28,45.94790599,33.14789967,58.9057414
293,1,93,192.5,1.925,0.93,1751.165,1705.005,1744.552452,1699.786869,44.76558331,1729.28,1718.10,1748.34,1743.73,1753.30,1701.82,1689.35,1714.68,1745.72,1735.90,1754.19,1699.67,1683.57,1714.75,46.04396835,33.18164942,59.06825454
294,1,94,193.5,1.935,0.94,1751.311,1705.031,1745.288634,1700.401897,44.88673664,1717.58,1757.92,1748.45,1743.76,1753.42,1701.83,1689.32,1714.76,1745.25,1735.05,1753.57,1699.11,1682.64,1713.52,46.14001258,33.21856894,59.21471842
295,1,95,194.5,1.945,0.95,1751.457,1705.057,1744.4216,1699.413802,45.00779771,1757.60,1738.97,1748.55,1743.85,1753.54,1701.84,1689.28,1714.83,1745.30,1734.72,1753.84,1699.06,1683.16,1713.86,46.23603992,33.22541921,59.37354332
296,1,96,195.5,1.955,0.96,1751.603,1705.083,1746.624771,1701.495997,45.12877389,1704.58,1678.05,1748.65,1743.92,1753.71,1701.85,1689.24,1714.89,1744.98,1734.10,1753.52,1698.65,1682.16,1712.98,46.3320515,33.23524386,59.55366834
297,1,97,196.5,1.965,0.97,1751.749,1705.109,1747.941109,1702.691437,45.24967198,1748.85,1752.91,1748.76,1744.00,1753.86,1701.86,1689.20,1714.96,1745.43,1734.59,1754.10,1699.00,1682.55,1713.44,46.42804838,33.26734894,59.70075509
298,1,98,197.5,1.975,0.98,1751.895,1705.135,1747.605102,1702.234603,45.37049822,1759.09,1767.99,1748.86,1744.05,1754.02,1701.87,1689.17,1715.02,1745.62,1735.40,1753.97,1699.09,1682.47,1713.53,46.52403153,33.31511933,59.83316128
299,1,99,198.5,1.985,0.99,1752.041,1705.161,1749.005121,1703.513862,45.49125837,1713.82,1690.53,1748.97,1744.10,1754.17,1701.87,1689.12,1715.09,1745.42,1735.07,1753.83,1698.80,1682.03,1713.30,46.62000187,33.33543904,59.99983175
300,1,100,199.5,1.995,1,1752.187,1705.187,1747.413623,1701.801665,45.6119577,1730.51,1760.56,1749.07,1744.17,1754.33,1701.88,1689.07,1715.16,1745.69,1735.38,1753.84,1698.97,1682.44,1713.79,46.71596023,33.3711889,60.08060774
301,1,101,200.5,2.005,1.01,1752.333,1705.213,1745.503595,1699.770994,45.73260108,1739.24,1807.82,1749.18,1744.23,1754.49,1701.89,1689.02,1715.22,1746.15,1736.08,1754.47,1699.34,1683.00,1714.42,46.8119074,33.39467973,60.26656832
302,1,102,201.5,2.015,1.02,1752.479,1705.239,1745.889608,1700.036415,45.85319299,1743.46,1651.72,1749.28,1744.29,1754.65,1701.90,1688.97,1715.29,1746.73,1736.90,1755.16,1699.82,1683.74,1714.68,46.90784411,33.41676548,60.47089143
303,1,103,202.5,2.025,1.03,1752.625,1705.265,1746.556449,1700.582712,45.97373755,1746.40,1757.19,1749.39,1744.34,1754.80,1701.91,1688.92,1715.37,1747.28,1737.88,1755.95,1700.28,1684.05,1715.30,47.00377103,33.46530455,60.6734416
304,1,104,203.5,2.035,1.04,1752.771,1705.291,1747.823845,1701.729607,46.09423855,1755.74,1791.26,1749.49,1744.36,1754.94,1701.92,1688.86,1715.45,1747.77,1738.65,1756.56,1700.67,1685.18,1715.64,47.09968878,33.45064471,60.83850442
305,1,105,204.5,2.045,1.05,1752.917,1705.317,1748.348382,1702.133682,46.21469947,1762.12,1805.11,1749.60,1744.41,1755.09,1701.93,1688.81,1715.53,1748.10,1739.07,1756.91,1700.91,1685.43,1716.11,47.19559796,33.44779498,60.96222234
306,1,106,205.5,2.055,1.06,1753.063,1705.343,1750.958835,1704.623712,46.33512351,1719.26,1689.85,1749.70,1744.43,1755.26,1701.94,1688.75,1715.60,1748.00,1738.96,1756.69,1700.71,1685.14,1715.82,47.29149911,33.48991605,61.07056714
307,1,107,206.5,2.065,1.07,1753.209,1705.369,1748.815942,1702.360428,46.45551363,1773.70,1727.56,1749.81,1744.49,1755.42,1701.95,1688.70,1715.68,1748.59,1739.48,1757.74,1701.20,1685.18,1716.60,47.38739273,33.48125364,61.18792944
308,1,108,207.5,2.075,1.08,1753.355,1705.395,1750.202054,1703.626181,46.57587254,1744.39,1752.45,1749.91,1744.54,1755.55,1701.96,1688.65,1715.75,1748.59,1739.57,1757.88,1701.11,1684.87,1716.63,47.4832793,33.4685727,61.43051051
309,1,109,208.5,2.085,1.09,1753.501,1705.421,1750.872127,1704.175924,46.69620274,1742.46,1809.24,1750.02,1744.56,1755.69,1701.96,1688.60,1715.82,1748.62,1739.77,1757.73,1701.04,1684.91,1717.14,47.57915925,33.46612709,61.6027423
310,1,110,209.5,2.095,1.1,1753.647,1705.447,1753.535297,1706.71879,46.81650652,1775.71,1861.87,1750.12,1744.61,1755.84,1701.97,1688.55,1715.90,1748.74,1739.89,1757.85,1701.07,1684.98,1716.62,47.67503301,33.53477174,61.75517579
311,1,111,210.5,2.105,1.11,1753.793,1705.473,1753.780762,1706.843976,46.936786,1742.96,1766.41,1750.23,1744.64,1756.01,1701.98,1688.50,1715.97,1748.23,1739.04,1756.90,1700.46,1683.90,1716.24,47.77090094,33.5454819,61.93277849
312,1,112,211.5,2.115,1.12,1753.939,1705.499,1754.362767,1707.305724,47.05704312,1736.77,1825.15,1750.33,1744.65,1756.18,1701.99,1688.44,1716.05,1747.77,1738.45,1756.25,1699.90,1683.38,1715.48,47.8667634,33.582568,62.0841915
313,1,113,212.5,2.125,1.13,1754.085,1705.525,1757.510857,1710.333578,47.17727967,1719.70,1747.98,1750.43,1744.71,1756.35,1702.00,1688.39,1716.12,1747.52,1737.56,1756.26,1699.56,1683.09,1715.39,47.96262074,33.60422113,62.24668313
314,1,114,213.5,2.135,1.14,1754.231,1705.551,1758.681792,1711.384295,47.29749729,1783.84,1739.44,1750.54,1744.76,1756.54,1702.01,1688.34,1716.19,1747.79,1737.85,1756.33,1699.73,1683.01,1715.35,48.05847326,33.61936632,62.42522427
315,1,115,214.5,2.145,1.15,1754.377,1705.577,1759.432809,1712.015112,47.41769751,1723.71,1819.20,1750.64,1744.78,1756.71,1702.02,1688.29,1716.27,1747.17,1736.93,1756.18,1699.02,1681.53,1714.75,48.15432125,33.64838033,62.6051197
316,1,116,215.5,2.155,1.16,1754.523,1705.603,1758.337785,1710.799903,47.53788171,1731.98,1848.54,1750.75,1744.80,1756.87,1702.03,1688.23,1716.34,1746.90,1736.16,1755.51,1698.65,1681.23,1714.17,48.25016498,33.65350986,62.775242
317,1,117,216.5,2.165,1.17,1754.669,1705.629,1758.294392,1710.636341,47.65805117,1715.70,1862.00,1750.85,1744.85,1757.05,1702.04,1688.18,1716.42,1746.80,1735.77,1755.56,1698.46,1680.73,1713.89,48.34600471,33.68554991,62.98725897
318,1,118,217.5,2.175,1.18,1754.815,1705.655,1755.041698,1707.263491,47.77820708,1747.03,1715.72,1750.96,1744.86,1757.25,1702.04,1688.13,1716.48,1747.24,1736.82,1756.09,1698.80,1681.31,1714.59,48.44184069,33.66763132,63.15575459
319,1,119,218.5,2.185,1.19,1754.961,1705.681,1753.516536,1705.618186,47.89835051,1716.13,1698.46,1751.06,1744.89,1757.42,1702.05,1688.08,1716.54,1747.55,1736.89,1756.37,1699.01,1681.74,1715.02,48.53767312,33.67778322,63.33195078
320,1,120,219.5,2.195,1.2,1755.107,1705.707,1754.808361,1706.789879,48.01848247,1778.26,1846.99,1751.17,1744.90,1757.57,1702.06,1688.03,1716.60,1748.36,1738.12,1757.61,1699.73,1682.59,1715.65,48.63350221,33.67266032,63.51766641
321,1,121,220.5,2.205,1.21,1755.253,1705.733,1751.641429,1703.502825,48.13860387,1737.87,1634.96,1751.27,1744.92,1757.74,1702.07,1687.98,1716.66,1748.44,1738.35,1757.31,1699.71,1682.68,1715.73,48.72932818,33.69095642,63.70982003
322,1,122,221.5,2.215,1.22,1755.399,1705.759,1752.10924,1703.850525,48.25871556,1728.75,1740.60,1751.38,1744.95,1757.92,1702.08,1687.92,1716.73,1748.58,1738.07,1757.64,1699.76,1682.03,1715.92,48.82515118,33.70844635,63.90987774
323,1,123,222.5,2.225,1.23,1755.545,1705.785,1752.416203,1704.037384,48.37881832,1759.95,1718.41,1751.48,1744.96,1758.11,1702.09,1687.87,1716.79,1749.13,1739.07,1758.35,1700.21,1682.74,1716.98,48.92097141,33.72733488,64.09506209
324,1,124,223.5,2.235,1.24,1755.691,1705.811,1753.378564,1704.879651,48.49891285,1731.82,1830.95,1751.59,1744.96,1758.29,1702.10,1687.82,1716.85,1749.29,1739.25,1758.42,1700.28,1683.06,1716.58,49.01678902,33.76223654,64.28732138
325,1,125,224.5,2.245,1.25,1755.837,1705.837,1750.521903,1701.902904,48.61899982,1747.99,1758.24,1751.69,1744.98,1758.49,1702.11,1687.77,1716.91,1749.79,1740.05,1759.01,1700.68,1683.60,1717.13,49.11260415,33.7638845,64.4923697
326,1,126,225.5,2.255,1.26,1755.983,1705.863,1747.303241,1698.564161,48.73907984,1765.50,1777.00,1751.80,1744.99,1758.67,1702.12,1687.72,1716.97,1750.19,1740.58,1759.18,1700.98,1683.87,1717.50,49.20841696,33.78166524,64.67183996
327,1,127,226.5,2.265,1.27,1756.129,1705.889,1750.006514,1701.14736,48.85915345,1733.92,1760.00,1751.90,1745.02,1758.87,1702.13,1687.67,1717.03,1750.22,1740.35,1759.62,1700.92,1683.68,1717.87,49.30422757,33.85127307,64.81320121
328,1,128,227.5,2.275,1.28,1756.275,1705.915,1750.707288,1701.728067,48.97922118,1743.28,1736.71,1752.01,1745.03,1759.06,1702.13,1687.61,1717.08,1750.67,1740.95,1759.92,1701.27,1684.14,1718.06,49.4000361,33.86253873,65.00578446
329,1,129,228.5,2.285,1.29,1756.421,1705.941,1751.902677,1702.803393,49.09928348,1737.09,1784.19,1752.11,1745.06,1759.23,1702.14,1687.56,1717.13,1751.18,1741.70,1760.40,1701.68,1684.69,1718.32,49.49584269,33.8879943,65.18544157
330,1,130,229.5,2.295,1.3,1756.567,1705.967,1755.18576,1705.966419,49.2193408,1748.94,1703.65,1752.21,1745.07,1759.42,1702.15,1687.51,1717.19,1752.01,1743.13,1761.36,1702.42,1685.98,1719.55,49.59164743,33.88478385,65.36708549
331,1,131,230.5,2.305,1.31,1756.713,1705.993,1755.620847,1706.281454,49.33939354,1816.79,1698.36,1752.32,1745.07,1759.61,1702.16,1687.46,1717.24,1752.97,1743.90,1763.11,1703.28,1686.77,1720.65,49.68745042,33.89612706,65.58411101
332,1,132,231.5,2.315,1.32,1756.859,1706.019,1752.184431,1702.724989,49.45944206,1709.54,1728.50,1752.42,1745.08,1759.80,1702.17,1687.41,1717.29,1752.50,1743.16,1762.15,1702.72,1685.82,1720.05,49.78325177,33.91203117,65.78875642
333,1,133,232.5,2.325,1.33,1757.005,1706.045,1752.008318,1702.428831,49.57948669,1770.27,1741.34,1752.53,1745.08,1759.94,1702.18,1687.35,1717.35,1753.02,1743.88,1762.79,1703.15,1686.14,1720.32,49.87905157,33.92623419,65.94802175
334,1,134,233.5,2.335,1.34,1757.151,1706.071,1753.892806,1704.193279,49.69952776,1755.06,1713.80,1752.63,1745.08,1760.11,1702.19,1687.30,1717.40,1753.15,1743.75,1762.95,1703.18,1686.27,1720.62,49.9748499,33.98686997,66.12887135
335,1,135,234.5,2.345,1.35,1757.297,1706.097,1753.399402,1703.579837,49.81956554,1739.47,1759.55,1752.74,1745.07,1760.31,1702.20,1687.23,1717.46,1753.38,1743.93,1763.15,1703.31,1686.49,1720.77,50.07064685,33.9455309,66.29403199
336,1,136,235.5,2.355,1.36,1757.443,1706.123,1753.177721,1703.23812,49.93960029,1773.53,1874.92,1752.84,1745.09,1760.49,1702.21,1687.17,1717.52,1753.99,1744.72,1764.24,1703.83,1686.96,1721.23,50.16644248,33.97298183,66.43538034
337,1,137,236.5,2.365,1.37,1757.589,1706.149,1752.44782,1702.388187,50.05963227,1777.47,1737.60,1752.95,1745.08,1760.68,1702.21,1687.12,1717.57,1754.24,1744.80,1764.50,1703.97,1686.58,1721.82,50.26223687,33.99917987,66.59676054
338,1,138,237.5,2.375,1.38,1757.735,1706.175,1755.51297,1705.333308,50.17966169,1737.53,1805.26,1753.05,1745.10,1760.85,1702.22,1687.07,1717.63,1753.99,1744.50,1764.02,1703.63,1686.23,1721.31,50.3580301,33.97619108,66.79399101
339,1,139,238.5,2.385,1.39,1757.881,1706.201,1757.940356,1707.640668,50.29968875,1756.19,1741.33,1753.16,1745.11,1761.02,1702.23,1687.02,1717.70,1754.22,1744.51,1764.46,1703.76,1685.89,1721.78,50.45382221,34.01435203,66.99971526
340,1,140,239.5,2.395,1.4,1758.027,1706.227,1754.689644,1704.26993,50.41971365,1742.50,1819.08,1753.26,1745.11,1761.21,1702.24,1686.98,1717.77,1754.45,1744.92,1764.99,1703.90,1686.36,1721.93,50.54961328,34.03439289,67.15885237
341,1,141,240.5,2.405,1.41,1758.173,1706.253,1758.396028,1707.856292,50.53973656,1767.43,1695.14,1753.37,1745.15,1761.39,1702.25,1686.93,1717.84,1755.06,1745.40,1765.73,1704.41,1687.06,1722.80,50.64540335,34.0690196,67.35649479
342,1,142,241.5,2.415,1.42,1758.319,1706.279,1756.996518,1706.33676,50.65975764,1760.59,1806.60,1753.47,1745.15,1761.55,1702.26,1686.88,1717.91,1755.49,1746.07,1766.06,1704.75,1687.66,1723.43,50.74119248,34.06778996,67.57734969
343,1,143,242.5,2.425,1.43,1758.465,1706.305,1760.763747,1709.98397,50.77977702,1760.43,1780.32,1753.58,1745.16,1761.76,1702.27,1686.84,1717.98,1755.94,1746.40,1767.15,1705.11,1688.14,1723.57,50.83698073,34.04740973,67.79029802
344,1,144,243.5,2.435,1.44,1758.611,1706.331,1758.226445,1707.32665,50.89979486,1766.86,1781.05,1753.68,1745.15,1761.96,1702.28,1686.78,1718.05,1756.39,1746.47,1768.05,1705.46,1688.12,1724.63,50.93276813,34.03256047,67.99127724
345,1,145,244.5,2.445,1.45,1758.757,1706.357,1760.2518,1709.231988,51.01981127,1770.50,1690.77,1753.79,1745.15,1762.11,1702.29,1686.73,1718.12,1756.78,1746.94,1768.48,1705.75,1688.44,1724.76,51.02855473,34.06184802,68.13527222
346,1,146,245.5,2.455,1.46,1758.903,1706.383,1759.124322,1707.984495,51.13982637,1788.88,1733.59,1753.89,1745.15,1762.29,1702.29,1686.68,1718.19,1756.93,1746.83,1768.47,1705.81,1688.82,1724.33,51.12434058,34.11420771,68.27920523
347,1,147,246.5,2.465,1.47,1759.049,1706.409,1758.837998,1707.578158,51.25984026,1741.62,1833.88,1753.99,1745.15,1762.48,1702.30,1686.62,1718.26,1756.63,1746.71,1768.13,1705.41,1687.95,1724.31,51.22012571,34.13178943,68.47717878
348,1,148,247.5,2.475,1.48,1759.195,1706.435,1760.456632,1709.076779,51.37985304,1759.18,1676.35,1754.10,1745.17,1762.67,1702.31,1686.58,1718.33,1756.82,1746.73,1768.63,1705.51,1688.07,1724.65,51.31591017,34.08566813,68.70925331
349,1,149,248.5,2.485,1.49,1759.341,1706.461,1759.036,1707.536135,51.4998648,1808.04,1736.63,1754.20,1745.18,1762.88,1702.32,1686.52,1718.40,1757.13,1746.77,1769.31,1705.72,1688.07,1724.81,51.41169398,34.11009457,68.86174006
350,1,150,249.5,2.495,1.5,1759.487,1706.487,1759.639643,1708.019767,51.61987561,1746.93,1784.71,1754.31,1745.19,1763.10,1702.33,1686.48,1718.46,1756.41,1745.70,1768.58,1704.90,1687.26,1723.64,51.50747718,34.04726107,68.9849253
