game,post,games_post,time_c,time_std,games_post_std,mu_target_true,mu_cf_target_true,skill_true,skill_cf_true,true_treatment_effect,elo_obs,opp_elo
1,0,0,-99.5,-0.995,0.0,1697.413,1697.413,1687.5217864965216,1687.5217864965216,0.0,1695.2083918814556,1755.36215881505
2,0,0,-98.5,-0.985,0.0,1697.439,1697.439,1684.0422642519125,1684.0422642519125,0.0,1713.8239163284031,1630.3237934517147
3,0,0,-97.5,-0.975,0.0,1697.465,1697.465,1697.1899715797667,1697.1899715797667,0.0,1731.3564012494626,1737.2740727403664
4,0,0,-96.5,-0.965,0.0,1697.491,1697.491,1699.1357363394975,1699.1357363394975,0.0,1746.1110959550863,1689.6964519064686
5,0,0,-95.5,-0.955,0.0,1697.517,1697.517,1708.3056706091063,1708.3056706091063,0.0,1715.902424740163,1730.982134164672
6,0,0,-94.5,-0.945,0.0,1697.543,1697.543,1713.8614551094965,1713.8614551094965,0.0,1724.0794971286803,1697.9602003476878
7,0,0,-93.5,-0.935,0.0,1697.569,1697.569,1707.1709695435968,1707.1709695435968,0.0,1692.9561227674353,1778.6370961899904
8,0,0,-92.5,-0.925,0.0,1697.595,1697.595,1712.398972356828,1712.398972356828,0.0,1693.2269268715481,1710.4656411842961
9,0,0,-91.5,-0.915,0.0,1697.621,1697.621,1708.9374583980332,1708.9374583980332,0.0,1675.90820991851,1699.86998202886
10,0,0,-90.5,-0.905,0.0,1697.647,1697.647,1705.487758068483,1705.487758068483,0.0,1699.8306710664979,1731.8422161255344
11,0,0,-89.5,-0.895,0.0,1697.673,1697.673,1706.3031360938178,1706.3031360938178,0.0,1710.213195884926,1667.4575497566454
12,0,0,-88.5,-0.885,0.0,1697.699,1697.699,1690.8717493067518,1690.8717493067518,0.0,1691.3771754098898,1562.3284255846092
13,0,0,-87.5,-0.875,0.0,1697.725,1697.725,1702.9304753616332,1702.9304753616332,0.0,1717.2635284116154,1620.4358883815498
14,0,0,-86.5,-0.865,0.0,1697.751,1697.751,1696.1159891026593,1696.1159891026593,0.0,1662.2110900336388,1656.731242903197
15,0,0,-85.5,-0.855,0.0,1697.777,1697.777,1706.1519035172007,1706.1519035172007,0.0,1749.4670069217073,1800.8307919225165
16,0,0,-84.5,-0.845,0.0,1697.803,1697.803,1707.348136685388,1707.348136685388,0.0,1715.025865024194,1832.8926059015134
17,0,0,-83.5,-0.835,0.0,1697.829,1697.829,1722.478084747968,1722.478084747968,0.0,1749.808176689741,1648.626279742767
18,0,0,-82.5,-0.825,0.0,1697.855,1697.855,1715.3859289150905,1715.3859289150905,0.0,1724.0171171240866,1724.467380651118
19,0,0,-81.5,-0.815,0.0,1697.881,1697.881,1711.9178817720895,1711.9178817720895,0.0,1690.0050110118298,1674.6461436620004
20,0,0,-80.5,-0.805,0.0,1697.907,1697.907,1715.0153554022359,1715.0153554022359,0.0,1706.8687232508435,1729.0717218549007
21,0,0,-79.5,-0.795,0.0,1697.933,1697.933,1692.598997312193,1692.598997312193,0.0,1610.1419631746983,1622.1241038712553
22,0,0,-78.5,-0.785,0.0,1697.959,1697.959,1700.9854117815364,1700.9854117815364,0.0,1706.3317042574577,1720.934321121971
23,0,0,-77.5,-0.775,0.0,1697.985,1697.985,1716.341707492812,1716.341707492812,0.0,1714.6090559955805,1672.551316941592
24,0,0,-76.5,-0.765,0.0,1698.011,1698.011,1727.2431612756059,1727.2431612756059,0.0,1757.5685240707587,1661.8248082135692
25,0,0,-75.5,-0.755,0.0,1698.037,1698.037,1734.2067344932163,1734.2067344932163,0.0,1690.3077283111377,1698.2175176401279
26,0,0,-74.5,-0.745,0.0,1698.063,1698.063,1732.0240808721999,1732.0240808721999,0.0,1730.0594495451453,1621.2659762142398
27,0,0,-73.5,-0.735,0.0,1698.089,1698.089,1744.164401525353,1744.164401525353,0.0,1736.529212637703,1781.426642664026
28,0,0,-72.5,-0.725,0.0,1698.115,1698.115,1753.9837197145655,1753.9837197145655,0.0,1722.4040340652377,1706.9366816570048
29,0,0,-71.5,-0.715,0.0,1698.141,1698.141,1756.793073766047,1756.793073766047,0.0,1720.089084036748,1839.2311919533024
30,0,0,-70.5,-0.705,0.0,1698.167,1698.167,1755.6716954190158,1755.6716954190158,0.0,1726.2840398361382,1801.9099142900488
31,0,0,-69.5,-0.695,0.0,1698.193,1698.193,1750.9044527890262,1750.9044527890262,0.0,1775.5016455476102,1819.0966285116083
32,0,0,-68.5,-0.685,0.0,1698.219,1698.219,1737.5484217783412,1737.5484217783412,0.0,1762.1807979438856,1715.4905928569608
33,0,0,-67.5,-0.675,0.0,1698.245,1698.245,1749.0246462709858,1749.0246462709858,0.0,1713.025995995794,1822.4885598278731
34,0,0,-66.5,-0.665,0.0,1698.271,1698.271,1726.2891344787145,1726.2891344787145,0.0,1722.120841809475,1799.4840230783811
35,0,0,-65.5,-0.655,0.0,1698.297,1698.297,1722.027818330617,1722.027818330617,0.0,1733.8625213747855,1700.8167160792482
36,0,0,-64.5,-0.645,0.0,1698.323,1698.323,1723.1975226607515,1723.1975226607515,0.0,1731.3390200363722,1727.5090145892173
37,0,0,-63.5,-0.635,0.0,1698.349,1698.349,1731.2993640536638,1731.2993640536638,0.0,1693.3374309562012,1812.1505311409085
38,0,0,-62.5,-0.625,0.0,1698.375,1698.375,1748.2574891377085,1748.2574891377085,0.0,1733.2156298783862,1757.9352463827038
39,0,0,-61.5,-0.615,0.0,1698.401,1698.401,1757.1935971144724,1757.1935971144724,0.0,1721.3002071862898,1718.6901155523553
40,0,0,-60.5,-0.605,0.0,1698.427,1698.427,1753.1030509111986,1753.1030509111986,0.0,1778.5133278917249,1813.8563597881039
41,0,0,-59.5,-0.595,0.0,1698.453,1698.453,1759.291325471866,1759.291325471866,0.0,1824.1739702036402,1827.0852893838892
42,0,0,-58.5,-0.585,0.0,1698.479,1698.479,1745.4590757932317,1745.4590757932317,0.0,1744.212301076785,1696.9301711780522
43,0,0,-57.5,-0.575,0.0,1698.505,1698.505,1758.8193795442542,1758.8193795442542,0.0,1705.1773185574589,1784.1386477840047
44,0,0,-56.5,-0.565,0.0,1698.531,1698.531,1756.0488587050752,1756.0488587050752,0.0,1776.512931734543,1758.15652775984
45,0,0,-55.5,-0.555,0.0,1698.557,1698.557,1748.161430031103,1748.161430031103,0.0,1787.0823308764586,1811.616546266733
46,0,0,-54.5,-0.545,0.0,1698.583,1698.583,1740.779260426159,1740.779260426159,0.0,1777.7460664902585,1700.6961036575235
47,0,0,-53.5,-0.535,0.0,1698.609,1698.609,1739.3222419414321,1739.3222419414321,0.0,1743.4382503297766,1813.4133280945357
48,0,0,-52.5,-0.525,0.0,1698.635,1698.635,1734.580647876904,1734.580647876904,0.0,1747.826027168181,1786.9385434623568
49,0,0,-51.5,-0.515,0.0,1698.661,1698.661,1756.7613543925117,1756.7613543925117,0.0,1759.1326900446002,1736.9438153681467
50,0,0,-50.5,-0.505,0.0,1698.687,1698.687,1748.4180558258556,1748.4180558258556,0.0,1766.4319517811175,1718.9589771388366
51,0,0,-49.5,-0.495,0.0,1698.713,1698.713,1747.7500321409082,1747.7500321409082,0.0,1771.2853895550754,1683.570919451321
52,0,0,-48.5,-0.485,0.0,1698.739,1698.739,1747.0503104539464,1747.0503104539464,0.0,1728.2108713544915,1826.7752402349718
53,0,0,-47.5,-0.475,0.0,1698.765,1698.765,1746.3673254722648,1746.3673254722648,0.0,1731.7046281221915,1693.6760603520568
54,0,0,-46.5,-0.465,0.0,1698.791,1698.791,1745.9692575823467,1745.9692575823467,0.0,1737.4275207472347,1736.3239333032209
55,0,0,-45.5,-0.455,0.0,1698.817,1698.817,1740.2105838488003,1740.2105838488003,0.0,1734.4530951949243,1846.7556860511036
56,0,0,-44.5,-0.445,0.0,1698.843,1698.843,1733.5491571671832,1733.5491571671832,0.0,1738.3424229815157,1778.9711774552143
57,0,0,-43.5,-0.435,0.0,1698.869,1698.869,1724.2339490031268,1724.2339490031268,0.0,1752.2004268649173,1742.621464896839
58,0,0,-42.5,-0.425,0.0,1698.895,1698.895,1708.8454238905483,1708.8454238905483,0.0,1676.181172653512,1724.1366055700466
59,0,0,-41.5,-0.415,0.0,1698.921,1698.921,1710.8100037438294,1710.8100037438294,0.0,1733.7726546867414,1700.8605709145622
60,0,0,-40.5,-0.405,0.0,1698.947,1698.947,1720.4165071759116,1720.4165071759116,0.0,1715.4912290265036,1644.9604571855039
61,0,0,-39.5,-0.395,0.0,1698.973,1698.973,1714.5567956222671,1714.5567956222671,0.0,1642.9037850716577,1747.7670054828175
62,0,0,-38.5,-0.385,0.0,1698.999,1698.999,1708.659489319384,1708.659489319384,0.0,1698.6917529830998,1647.0754334581948
63,0,0,-37.5,-0.375,0.0,1699.025,1699.025,1705.3019712397697,1705.3019712397697,0.0,1698.4798106278258,1825.4727774461294
64,0,0,-36.5,-0.365,0.0,1699.051,1699.051,1700.5705544025852,1700.5705544025852,0.0,1714.2758074868975,1611.7401072064017
65,0,0,-35.5,-0.355,0.0,1699.077,1699.077,1686.177985824284,1686.177985824284,0.0,1700.9169710764554,1671.4102719603165
66,0,0,-34.5,-0.345,0.0,1699.103,1699.103,1700.0875664281675,1700.0875664281675,0.0,1699.9284272879158,1703.1116283099686
67,0,0,-33.5,-0.335,0.0,1699.129,1699.129,1704.458393975179,1704.458393975179,0.0,1684.0972915141774,1672.1357422064711
68,0,0,-32.5,-0.325,0.0,1699.155,1699.155,1697.235375823695,1697.235375823695,0.0,1721.0545546152089,1700.3747303722673
69,0,0,-31.5,-0.315,0.0,1699.181,1699.181,1700.2460059226196,1700.2460059226196,0.0,1683.3177469181055,1739.9703790999424
70,0,0,-30.5,-0.305,0.0,1699.207,1699.207,1695.8406530780098,1695.8406530780098,0.0,1666.1294691228536,1778.0703371324205
71,0,0,-29.5,-0.295,0.0,1699.233,1699.233,1693.7921256827028,1693.7921256827028,0.0,1677.7548133448317,1703.7363143749049
72,0,0,-28.5,-0.285,0.0,1699.259,1699.259,1697.54110148484,1697.54110148484,0.0,1684.0759928418438,1698.9182019013206
73,0,0,-27.5,-0.275,0.0,1699.285,1699.285,1707.1056243748885,1707.1056243748885,0.0,1704.2528107150863,1729.2561473076203
74,0,0,-26.5,-0.265,0.0,1699.311,1699.311,1722.1449731798034,1722.1449731798034,0.0,1710.9461374743444,1726.777131450764
75,0,0,-25.5,-0.255,0.0,1699.337,1699.337,1738.7279082056978,1738.7279082056978,0.0,1729.618632416301,1699.301382381314
76,0,0,-24.5,-0.245,0.0,1699.363,1699.363,1735.4520229672744,1735.4520229672744,0.0,1753.9926196494437,1737.6934575971181
77,0,0,-23.5,-0.235,0.0,1699.389,1699.389,1729.7332765965937,1729.7332765965937,0.0,1749.6457953442891,1800.7844321237392
78,0,0,-22.5,-0.225,0.0,1699.415,1699.415,1730.122886083882,1730.122886083882,0.0,1743.4441989175025,1737.9939503026621
79,0,0,-21.5,-0.215,0.0,1699.441,1699.441,1730.7926804850874,1730.7926804850874,0.0,1723.056565799788,1732.9066018393592
80,0,0,-20.5,-0.205,0.0,1699.467,1699.467,1722.823947950937,1722.823947950937,0.0,1706.1425126819418,1717.4343854367032
81,0,0,-19.5,-0.195,0.0,1699.493,1699.493,1716.1525761095709,1716.1525761095709,0.0,1710.3582273662482,1750.0815992655691
82,0,0,-18.5,-0.185,0.0,1699.519,1699.519,1723.952641791588,1723.952641791588,0.0,1720.28527025072,1749.048965639225
83,0,0,-17.5,-0.175,0.0,1699.545,1699.545,1739.882499093164,1739.882499093164,0.0,1760.9186761304056,1766.908441143426
84,0,0,-16.5,-0.165,0.0,1699.571,1699.571,1736.811260627509,1736.811260627509,0.0,1729.8058153592954,1720.6804795634343
85,0,0,-15.5,-0.155,0.0,1699.597,1699.597,1729.5873233050054,1729.5873233050054,0.0,1699.469244270853,1601.2256585413654
86,0,0,-14.5,-0.145,0.0,1699.623,1699.623,1726.1543247726636,1726.1543247726636,0.0,1705.222459806647,1693.2881795741905
87,0,0,-13.5,-0.135,0.0,1699.649,1699.649,1715.67290467751,1715.67290467751,0.0,1759.7775404629247,1715.0836916212684
88,0,0,-12.5,-0.125,0.0,1699.675,1699.675,1712.6242288860667,1712.6242288860667,0.0,1689.3077091167117,1663.4705982839052
89,0,0,-11.5,-0.115,0.0,1699.701,1699.701,1716.590205723023,1716.590205723023,0.0,1684.9952854837632,1755.699959285257
90,0,0,-10.5,-0.105,0.0,1699.727,1699.727,1715.4395119926692,1715.4395119926692,0.0,1708.1477744039985,1667.0714001887907
91,0,0,-9.5,-0.095,0.0,1699.753,1699.753,1727.471557723432,1727.471557723432,0.0,1771.4981846848586,1606.0227991652982
92,0,0,-8.5,-0.085,0.0,1699.779,1699.779,1728.4265868911675,1728.4265868911675,0.0,1730.8376056769039,1775.424847270189
93,0,0,-7.5,-0.075,0.0,1699.805,1699.805,1732.6653504266865,1732.6653504266865,0.0,1739.9815652861023,1720.8801498726618
94,0,0,-6.5,-0.065,0.0,1699.831,1699.831,1730.5210880940579,1730.5210880940579,0.0,1691.1070201896282,1731.9577519716372
95,0,0,-5.5,-0.055,0.0,1699.857,1699.857,1743.0644633977802,1743.0644633977802,0.0,1705.5938023063843,1645.6468436198181
96,0,0,-4.5,-0.045,0.0,1699.883,1699.883,1729.977378107759,1729.977378107759,0.0,1729.9181100889516,1711.0933735861715
97,0,0,-3.5,-0.035,0.0,1699.909,1699.909,1726.3400971426015,1726.3400971426015,0.0,1714.8998077388492,1719.1709180050682
98,0,0,-2.5,-0.025,0.0,1699.935,1699.935,1714.0751084429476,1714.0751084429476,0.0,1723.816630711112,1718.8960765188476
99,0,0,-1.5,-0.015,0.0,1699.961,1699.961,1722.0555613442054,1722.0555613442054,0.0,1694.4936723529038,1772.9551750930652
100,0,0,-0.5,-0.005,0.0,1699.987,1699.987,1730.1174130135516,1730.1174130135516,0.0,1756.4436381366036,1695.6741670926808
101,0,0,0.5,0.005,0.0,1700.013,1700.013,1724.3576488231479,1724.3576488231479,0.0,1758.2944936646925,1712.5078125282912
102,0,0,1.5,0.015,0.0,1700.039,1700.039,1740.4524090297198,1740.4524090297198,0.0,1701.7797767041043,1835.3869560321384
103,0,0,2.5,0.025,0.0,1700.065,1700.065,1736.6720348927329,1736.6720348927329,0.0,1742.8004730404004,1729.3083497494126
104,0,0,3.5,0.035,0.0,1700.091,1700.091,1722.1066429953946,1722.1066429953946,0.0,1715.126053044361,1802.781819353532
105,0,0,4.5,0.045,0.0,1700.117,1700.117,1718.854805087125,1718.854805087125,0.0,1754.9199655369248,1622.8878428468586
106,0,0,5.5,0.055,0.0,1700.143,1700.143,1722.0807740847931,1722.0807740847931,0.0,1727.7265087484302,1713.198624231037
107,0,0,6.5,0.065,0.0,1700.169,1700.169,1719.2986184538267,1719.2986184538267,0.0,1743.129916689044,1788.5654619115069
108,0,0,7.5,0.075,0.0,1700.195,1700.195,1741.5717520834223,1741.5717520834223,0.0,1739.6649948253362,1781.1924422694478
109,0,0,8.5,0.085,0.0,1700.221,1700.221,1749.2986035495535,1749.2986035495535,0.0,1757.1533332605068,1834.4237427637709
110,0,0,9.5,0.095,0.0,1700.247,1700.247,1765.6303658657907,1765.6303658657907,0.0,1818.951034064377,1746.342580558121
111,0,0,10.5,0.105,0.0,1700.273,1700.273,1778.1820729793842,1778.1820729793842,0.0,1830.0910970185164,1786.5997593019335
112,0,0,11.5,0.115,0.0,1700.299,1700.299,1759.7665647361089,1759.7665647361089,0.0,1717.3557106008786,1630.0697363923246
113,0,0,12.5,0.125,0.0,1700.325,1700.325,1754.8001473747352,1754.8001473747352,0.0,1764.331239875298,1677.9230598047618
114,0,0,13.5,0.135,0.0,1700.351,1700.351,1726.426307558512,1726.426307558512,0.0,1732.4585370425796,1756.4270544434698
115,0,0,14.5,0.145,0.0,1700.377,1700.377,1719.4413540482722,1719.4413540482722,0.0,1692.5967305779611,1685.5635788899767
116,0,0,15.5,0.155,0.0,1700.403,1700.403,1730.211629525144,1730.211629525144,0.0,1711.0114683331865,1777.9537506086801
117,0,0,16.5,0.165,0.0,1700.429,1700.429,1721.1838659752468,1721.1838659752468,0.0,1725.8073188530761,1705.1228786858183
118,0,0,17.5,0.175,0.0,1700.455,1700.455,1714.40240427608,1714.40240427608,0.0,1738.3024743126948,1745.2830740342188
119,0,0,18.5,0.185,0.0,1700.481,1700.481,1717.385317865822,1717.385317865822,0.0,1730.4631447882584,1671.3816754972877
120,0,0,19.5,0.195,0.0,1700.507,1700.507,1724.9209165204088,1724.9209165204088,0.0,1714.4525543171853,1667.5851568316837
121,0,0,20.5,0.205,0.0,1700.533,1700.533,1720.87002434868,1720.87002434868,0.0,1694.3408865822466,1781.5821792436318
122,0,0,21.5,0.215,0.0,1700.559,1700.559,1717.905682107305,1717.905682107305,0.0,1665.5734041335784,1749.993158959363
123,0,0,22.5,0.225,0.0,1700.585,1700.585,1725.6490854901854,1725.6490854901854,0.0,1764.1493555135432,1726.8030567998658
124,0,0,23.5,0.235,0.0,1700.611,1700.611,1727.6889106290232,1727.6889106290232,0.0,1713.7702638120688,1774.8954687557018
125,0,0,24.5,0.245,0.0,1700.637,1700.637,1724.2950047053039,1724.2950047053039,0.0,1702.8092264106847,1774.435347165666
126,0,0,25.5,0.255,0.0,1700.663,1700.663,1726.9673995337466,1726.9673995337466,0.0,1735.4080792088287,1790.9084515729614
127,0,0,26.5,0.265,0.0,1700.689,1700.689,1727.203046624575,1727.203046624575,0.0,1725.0556603909868,1709.7402233619734
128,0,0,27.5,0.275,0.0,1700.715,1700.715,1729.2196149270735,1729.2196149270735,0.0,1728.8031600442466,1688.6599776377839
129,0,0,28.5,0.285,0.0,1700.741,1700.741,1748.6623544465585,1748.6623544465585,0.0,1765.0915912328514,1751.8803143000991
130,0,0,29.5,0.295,0.0,1700.767,1700.767,1744.6523681208735,1744.6523681208735,0.0,1732.4969272127512,1764.746034936084
131,0,0,30.5,0.305,0.0,1700.793,1700.793,1738.3775521789914,1738.3775521789914,0.0,1711.9352895936943,1665.8194851181875
132,0,0,31.5,0.315,0.0,1700.819,1700.819,1751.762689076509,1751.762689076509,0.0,1748.199203272564,1629.7675325046573
133,0,0,32.5,0.325,0.0,1700.845,1700.845,1743.687328854193,1743.687328854193,0.0,1745.326978666647,1766.6998597825045
134,0,0,33.5,0.335,0.0,1700.871,1700.871,1760.0298970338818,1760.0298970338818,0.0,1732.8190507160516,1828.4082699675225
135,0,0,34.5,0.345,0.0,1700.897,1700.897,1756.9052610310844,1756.9052610310844,0.0,1729.2769707043603,1764.4616162546179
136,0,0,35.5,0.355,0.0,1700.923,1700.923,1756.5240109909055,1756.5240109909055,0.0,1730.3394431302447,1742.9109431590282
137,0,0,36.5,0.365,0.0,1700.949,1700.949,1762.748793582496,1762.748793582496,0.0,1783.1443238543698,1773.500714313628
138,0,0,37.5,0.375,0.0,1700.975,1700.975,1773.6444146649771,1773.6444146649771,0.0,1808.2547121491311,1785.9102009056855
139,0,0,38.5,0.385,0.0,1701.001,1701.001,1782.1615328883565,1782.1615328883565,0.0,1813.9985408218597,1726.881966155636
140,0,0,39.5,0.395,0.0,1701.027,1701.027,1778.5024886780318,1778.5024886780318,0.0,1755.6744054510045,1794.2447492927006
141,0,0,40.5,0.405,0.0,1701.053,1701.053,1773.2892105494927,1773.2892105494927,0.0,1755.946670922724,1839.2556480474343
142,0,0,41.5,0.415,0.0,1701.079,1701.079,1775.3197327990526,1775.3197327990526,0.0,1743.38933707617,1798.1335848174595
143,0,0,42.5,0.425,0.0,1701.105,1701.105,1775.1826288653851,1775.1826288653851,0.0,1821.0988099507003,1767.9935751645298
144,0,0,43.5,0.435,0.0,1701.131,1701.131,1767.2788652157737,1767.2788652157737,0.0,1755.1731813587562,1809.5795111912537
145,0,0,44.5,0.445,0.0,1701.157,1701.157,1770.0637086598633,1770.0637086598633,0.0,1769.1250203598747,1804.338414881546
146,0,0,45.5,0.455,0.0,1701.183,1701.183,1778.6272906882807,1778.6272906882807,0.0,1766.7289732107017,1722.8292360109294
147,0,0,46.5,0.465,0.0,1701.209,1701.209,1778.7439919242536,1778.7439919242536,0.0,1782.9311497100227,1851.224580919756
148,0,0,47.5,0.475,0.0,1701.235,1701.235,1792.8338092562783,1792.8338092562783,0.0,1766.6183380712641,1838.9060660219993
149,0,0,48.5,0.485,0.0,1701.261,1701.261,1795.105374363897,1795.105374363897,0.0,1779.5960038886171,1814.8048406482385
150,0,0,49.5,0.495,0.0,1701.287,1701.287,1791.6708768685564,1791.6708768685564,0.0,1768.8680870758794,1818.354903808685
151,0,0,50.5,0.505,0.0,1701.313,1701.313,1790.8658682304995,1790.8658682304995,0.0,1731.737071909309,1804.2014507264412
152,0,0,51.5,0.515,0.0,1701.339,1701.339,1783.474232194207,1783.474232194207,0.0,1789.8358837487006,1743.6610812584163
153,0,0,52.5,0.525,0.0,1701.365,1701.365,1771.5190678690528,1771.5190678690528,0.0,1789.969405101935,1807.8671179317716
154,0,0,53.5,0.535,0.0,1701.391,1701.391,1774.8817916250018,1774.8817916250018,0.0,1799.1312048020293,1777.9969075717588
155,0,0,54.5,0.545,0.0,1701.417,1701.417,1764.8799926168927,1764.8799926168927,0.0,1803.856533103455,1827.844652730812
156,0,0,55.5,0.555,0.0,1701.443,1701.443,1760.0283330412567,1760.0283330412567,0.0,1783.771710043911,1732.0830167945878
157,0,0,56.5,0.565,0.0,1701.469,1701.469,1757.965145843382,1757.965145843382,0.0,1756.1586827687722,1716.7260288752427
158,0,0,57.5,0.575,0.0,1701.495,1701.495,1760.6867846683385,1760.6867846683385,0.0,1774.261126331128,1713.258041924606
159,0,0,58.5,0.585,0.0,1701.521,1701.521,1764.1150888410812,1764.1150888410812,0.0,1750.8369137472644,1822.4267213421563
160,0,0,59.5,0.595,0.0,1701.547,1701.547,1763.4059624925371,1763.4059624925371,0.0,1783.2224144976612,1762.0497762124473
161,0,0,60.5,0.605,0.0,1701.573,1701.573,1742.8562267022055,1742.8562267022055,0.0,1735.6736782463913,1713.593019687934
162,0,0,61.5,0.615,0.0,1701.599,1701.599,1739.9651551847608,1739.9651551847608,0.0,1681.838560062068,1671.137893420912
163,0,0,62.5,0.625,0.0,1701.625,1701.625,1731.4429579819946,1731.4429579819946,0.0,1730.654250912044,1872.4413868568129
164,0,0,63.5,0.635,0.0,1701.651,1701.651,1729.7336433016944,1729.7336433016944,0.0,1731.2638733362105,1735.8352389032634
165,0,0,64.5,0.645,0.0,1701.677,1701.677,1739.0857720623674,1739.0857720623674,0.0,1709.7082590470889,1705.2381732472224
166,0,0,65.5,0.655,0.0,1701.703,1701.703,1746.3863595338682,1746.3863595338682,0.0,1758.2406580812233,1721.2762657056319
167,0,0,66.5,0.665,0.0,1701.729,1701.729,1747.696515023744,1747.696515023744,0.0,1777.3713445963735,1812.7379971563182
168,0,0,67.5,0.675,0.0,1701.755,1701.755,1751.8352826973953,1751.8352826973953,0.0,1722.932778332878,1736.6637124318647
169,0,0,68.5,0.685,0.0,1701.781,1701.781,1735.9501150361002,1735.9501150361002,0.0,1754.8491152735392,1677.3896016933286
170,0,0,69.5,0.695,0.0,1701.807,1701.807,1737.215927392301,1737.215927392301,0.0,1758.900547391287,1732.780295752091
171,0,0,70.5,0.705,0.0,1701.833,1701.833,1742.7533766339445,1742.7533766339445,0.0,1718.9937627220063,1833.156608893795
172,0,0,71.5,0.715,0.0,1701.859,1701.859,1734.8742162403978,1734.8742162403978,0.0,1723.796874330738,1804.1256500276709
173,0,0,72.5,0.725,0.0,1701.885,1701.885,1738.264307934681,1738.264307934681,0.0,1710.9343023062886,1811.606225685846
174,0,0,73.5,0.735,0.0,1701.911,1701.911,1733.7289792628972,1733.7289792628972,0.0,1719.2611020937884,1697.0990020058377
175,0,0,74.5,0.745,0.0,1701.937,1701.937,1743.0982071912063,1743.0982071912063,0.0,1741.8480781705714,1664.2749235144968
176,0,0,75.5,0.755,0.0,1701.963,1701.963,1753.3596909080013,1753.3596909080013,0.0,1782.5151536489127,1732.8807330904133
177,0,0,76.5,0.765,0.0,1701.989,1701.989,1746.9844461532707,1746.9844461532707,0.0,1731.0115271319996,1724.4993381350519
178,0,0,77.5,0.775,0.0,1702.015,1702.015,1760.714283121654,1760.714283121654,0.0,1721.847459182509,1761.2414972170634
179,0,0,78.5,0.785,0.0,1702.041,1702.041,1757.6400144915663,1757.6400144915663,0.0,1679.0286763867957,1808.5057109199493
180,0,0,79.5,0.795,0.0,1702.067,1702.067,1777.1479997834062,1777.1479997834062,0.0,1760.4116021104205,1746.5745968261447
181,0,0,80.5,0.805,0.0,1702.093,1702.093,1770.7313576390968,1770.7313576390968,0.0,1737.8950776825168,1728.5492248223609
182,0,0,81.5,0.815,0.0,1702.119,1702.119,1769.9966736267204,1769.9966736267204,0.0,1774.6360956500712,1710.0134961213219
183,0,0,82.5,0.825,0.0,1702.145,1702.145,1770.7715343366929,1770.7715343366929,0.0,1776.5067552064381,1811.1322228654437
184,0,0,83.5,0.835,0.0,1702.171,1702.171,1761.8915631712994,1761.8915631712994,0.0,1722.2179682706044,1784.6512358430418
185,0,0,84.5,0.845,0.0,1702.197,1702.197,1743.4438766251628,1743.4438766251628,0.0,1752.5010583000062,1792.9330695028095
186,0,0,85.5,0.855,0.0,1702.223,1702.223,1734.623419625534,1734.623419625534,0.0,1729.3336661816274,1664.2392271240708
187,0,0,86.5,0.865,0.0,1702.249,1702.249,1744.7719879274152,1744.7719879274152,0.0,1738.4422498904933,1718.5566300016735
188,0,0,87.5,0.875,0.0,1702.275,1702.275,1740.635382093599,1740.635382093599,0.0,1727.6207982786914,1811.6166060614828
189,0,0,88.5,0.885,0.0,1702.301,1702.301,1736.6016283820702,1736.6016283820702,0.0,1760.6118285762968,1758.9236512698087
190,0,0,89.5,0.895,0.0,1702.327,1702.327,1751.0841548488543,1751.0841548488543,0.0,1765.9485245893445,1816.113500021929
191,0,0,90.5,0.905,0.0,1702.353,1702.353,1755.0449096738032,1755.0449096738032,0.0,1759.7253046968833,1808.1575532485424
192,0,0,91.5,0.915,0.0,1702.379,1702.379,1761.014675066461,1761.014675066461,0.0,1789.7878184551223,1801.4994249283889
193,0,0,92.5,0.925,0.0,1702.405,1702.405,1768.336968159,1768.336968159,0.0,1769.2051596751203,1734.7352780148294
194,0,0,93.5,0.935,0.0,1702.431,1702.431,1757.9446691041537,1757.9446691041537,0.0,1761.4117748416716,1751.7121116548221
195,0,0,94.5,0.945,0.0,1702.457,1702.457,1758.082177633975,1758.082177633975,0.0,1771.4647579908612,1775.5722201897122
196,0,0,95.5,0.955,0.0,1702.483,1702.483,1758.4723629958598,1758.4723629958598,0.0,1751.712146848172,1887.6936265041484
197,0,0,96.5,0.965,0.0,1702.509,1702.509,1755.7644296053377,1755.7644296053377,0.0,1725.71409159844,1796.576858401664
198,0,0,97.5,0.975,0.0,1702.535,1702.535,1743.7695229168353,1743.7695229168353,0.0,1787.8305749769622,1738.5985984017573
199,0,0,98.5,0.985,0.0,1702.561,1702.561,1747.5831500105592,1747.5831500105592,0.0,1771.1585551022404,1757.8303102726013
200,0,0,99.5,0.995,0.0,1702.587,1702.587,1730.098598712604,1730.098598712604,0.0,1697.6124704341617,1753.9253967956797
201,1,1,100.5,1.005,0.01,1737.733,1702.613,1720.8806190865357,1720.1782190865358,0.7023999999998978,1696.3003553115088,1710.3186072976202
202,1,2,101.5,1.015,0.02,1737.879,1702.639,1713.1272052575468,1711.7340532575467,1.3931520000001,1686.4860087024383,1753.4695823261347
203,1,3,102.5,1.025,0.03,1738.0249999999999,1702.665,1709.503844275463,1707.431355315463,2.0724889600001006,1671.4122743206997,1770.1251412671256
204,1,4,103.5,1.035,0.04,1738.171,1702.691,1718.4881133526717,1715.7474741718715,2.7406391808001445,1727.540045240648,1854.0288008637128
205,1,5,104.5,1.045,0.05,1738.317,1702.717,1735.4514954031636,1732.0536690059794,3.3978263971841898,1773.0048256936007,1819.5126356266933
206,1,6,105.5,1.055,0.06,1738.463,1702.743,1752.734678740735,1748.6904088714946,4.044269869240452,1762.4131121225873,1770.1514346371223
207,1,7,106.5,1.065,0.07,1738.609,1702.769,1760.514758950585,1755.8345744787293,4.680184471855682,1799.4941049509582,1726.7502511663
208,1,8,107.5,1.075,0.08,1738.755,1702.795,1764.4765024490762,1759.1707216666578,5.305780782418424,1754.0194882397536,1698.3543270362677
209,1,9,108.5,1.085,0.09,1738.9009999999998,1702.821,1740.599503731847,1734.678238565077,5.921265166770127,1747.173252132575,1795.623279313952
210,1,10,109.5,1.095,0.1,1739.047,1702.847,1751.8696501172253,1745.3428102537907,6.5268398634345886,1728.704430200616,1819.8037614037653
211,1,11,110.5,1.105,0.11,1739.193,1702.873,1777.905582783632,1770.7828797174661,7.122703066165968,1778.4427872825174,1860.4805436105783
212,1,12,111.5,1.115,0.12,1739.339,1702.899,1781.6630154545458,1773.953966449703,7.7090490048426545,1808.5150296633399,1799.733994668047
213,1,13,112.5,1.125,0.13,1739.485,1702.925,1783.1598482930851,1774.8737802683393,8.286068024745873,1800.998326132146,1785.0854446657327
214,1,14,113.5,1.135,0.14,1739.631,1702.951,1789.2762295957489,1780.422282931498,8.85394666425077,1814.7845586580654,1785.8398202880708
215,1,15,114.5,1.145,0.15,1739.777,1702.977,1795.5725308585613,1786.1596631275954,9.4128677309659,1785.3795455686238,1841.9114376662455
216,1,16,115.5,1.155,0.16,1739.923,1703.003,1795.808703589862,1785.8456932135155,9.963010376346574,1818.624871613461,1683.223242537938
217,1,17,116.5,1.165,0.17,1740.069,1703.029,1790.9557508575954,1780.4512006887758,10.504550168819605,1827.2109891303965,1695.8320299434668
218,1,18,117.5,1.175,0.18,1740.2150000000001,1703.055,1793.5585279371364,1782.5208687716931,11.037659165443301,1807.6475432717339,1657.7339805441477
219,1,19,118.5,1.185,0.19,1740.3609999999999,1703.081,1778.7766852829407,1767.2141793008063,11.562505982134326,1744.0241185945029,1754.8734713360507
220,1,20,119.5,1.195,0.2,1740.507,1703.107,1759.187026144329,1747.1077702818372,12.079255862491664,1766.2452976435152,1752.7728480033359
221,1,21,120.5,1.205,0.21,1740.653,1703.133,1772.4257320286572,1759.8376612834154,12.588070745241794,1778.5325757036858,1838.6006337449285
222,1,22,121.5,1.215,0.22,1740.7990000000002,1703.159,1767.2125840847261,1754.1234747543892,13.089109330336896,1750.4107320544942,1769.9599560949657
223,1,23,122.5,1.225,0.23,1740.945,1703.185,1773.8467871674413,1760.2642600237111,13.582527143730204,1748.0770178638156,1803.3279997418633
224,1,24,123.5,1.235,0.24,1741.0910000000001,1703.211,1788.7376113185887,1774.6691347177332,14.068476600855547,1768.4288708765666,1782.4390577962995
225,1,25,124.5,1.245,0.25,1741.237,1703.237,1799.990402588295,1785.4432955194566,14.547107068838386,1828.712882584092,1773.2384360323858
226,1,26,125.5,1.255,0.26,1741.3829999999998,1703.263,1793.284327449951,1778.2657625224892,15.018564927461739,1796.609338700475,1733.204811366068
227,1,27,126.5,1.265,0.27,1741.529,1703.289,1795.4967611960578,1780.0137675671454,15.482993628912482,1837.2695887632397,1809.6045413655074
228,1,28,127.5,1.275,0.28,1741.675,1703.315,1782.7594561922094,1766.8189224358753,15.940533756334162,1737.8349250890822,1781.145396001827
229,1,29,128.5,1.285,0.29,1741.821,1703.341,1780.8949560541919,1764.5036329729844,16.391323081207474,1791.4572134080386,1722.8619226461067
230,1,30,129.5,1.295,0.3,1741.9669999999999,1703.367,1790.5765664431913,1773.7410698236079,16.83549661958341,1830.5806762248446,1759.945733487806
231,1,31,130.5,1.305,0.31,1742.113,1703.393,1789.927557517954,1772.6543708307624,17.273186687191583,1835.7122967544635,1731.2115293634124
232,1,32,131.5,1.315,0.32,1742.259,1703.419,1760.4604933903277,1742.7559704368798,17.70452295344785,1746.982363600839,1713.7588073810116
233,1,33,132.5,1.325,0.33,1742.405,1703.445,1737.5867494520876,1719.4571169577086,18.12963249437894,1777.3702254804532,1806.0696194536645
234,1,34,133.5,1.335,0.34,1742.551,1703.471,1729.6701787573497,1711.1215389128583,18.54863984449139,1757.0188694457956,1750.3962727724847
235,1,35,134.5,1.345,0.35,1742.6970000000001,1703.497,1743.2631317751916,1724.3014647275902,18.961667047601395,1772.8216765030365,1772.2903525789598
236,1,36,135.5,1.355,0.36,1742.8429999999998,1703.523,1745.2455817513212,1725.8767480446718,19.36883370664941,1750.5979364309826,1693.1212255138823
237,1,37,136.5,1.365,0.37,1742.989,1703.549,1746.613181356417,1726.8429243239004,19.77025703251661,1771.8673073429502,1715.1135413765305
238,1,38,137.5,1.375,0.38,1743.135,1703.575,1733.3839458935863,1713.2178940017202,20.16605189186612,1756.2624488032523,1800.6285706308029
239,1,39,138.5,1.385,0.39,1743.2810000000002,1703.601,1735.046203490397,1714.4898726363683,20.5563308540286,1719.9863570520563,1697.567745828267
240,1,40,139.5,1.395,0.4,1743.427,1703.627,1712.4620963027603,1691.5208920658122,20.941204236948124,1644.9128544304049,1678.2497277125572
241,1,41,140.5,1.405,0.41,1743.573,1703.653,1716.5026362095737,1695.1818560573645,21.32078015220918,1745.0538691357306,1753.256160213716
242,1,42,141.5,1.415,0.42,1743.719,1703.679,1728.8393672015686,1707.1442026524037,21.69516454916493,1755.5043813902398,1793.6280088813658
243,1,43,142.5,1.425,0.43,1743.865,1703.705,1720.9640065875403,1698.8995453293587,22.06446125818161,1739.7770194652,1788.9275186335954
244,1,44,143.5,1.435,0.44,1744.011,1703.731,1732.2689072327441,1709.840135199726,22.42877203301805,1722.4124480726066,1744.5333138280087
245,1,45,144.5,1.445,0.45,1744.1570000000002,1703.757,1725.3077152710425,1702.5195186786848,22.788196592357735,1715.4100499059298,1691.3699201067955
246,1,46,145.5,1.455,0.46,1744.3029999999999,1703.783,1727.161368498149,1704.0185358376384,23.14283266051052,1688.0751876396762,1747.0887573877092
247,1,47,146.5,1.465,0.47,1744.449,1703.809,1726.147759595653,1702.6549835883527,23.492776007300336,1766.9892026970883,1754.408910087017
248,1,48,147.5,1.475,0.48,1744.595,1703.835,1727.4553796186292,1703.6172591314748,23.838120487154356,1725.6308602579636,1715.5957175493554
249,1,49,148.5,1.485,0.49,1744.7410000000002,1703.861,1743.0706293775975,1718.8916713001863,24.178958077411153,1764.4792460433255,1730.393323763956
250,1,50,149.5,1.495,0.5,1744.887,1703.887,1751.9191164706338,1727.4037375547707,24.51537891586304,1743.5524155820044,1793.9973483753417
251,1,51,150.5,1.505,0.51,1745.033,1703.913,1745.0041796697626,1720.156708332217,24.847471337545585,1686.568340671003,1853.233672534046
252,1,52,151.5,1.515,0.52,1745.179,1703.939,1717.358053812809,1692.1827319020144,25.175321910794537,1737.5701565651536,1625.3449245717236
253,1,53,152.5,1.525,0.53,1745.3249999999998,1703.965,1726.865426513855,1701.3664110412765,25.49901547257855,1757.7005460955859,1729.2350715977611
254,1,54,153.5,1.535,0.54,1745.471,1703.991,1734.8766332579576,1709.0579980948305,25.818635163127055,1781.824526616397,1648.1281758625792
255,1,55,154.5,1.545,0.55,1745.617,1704.017,1736.7465558699441,1710.6122934100797,26.13426245986443,1734.4010248770678,1740.8465406914174
256,1,56,155.5,1.555,0.56,1745.763,1704.043,1731.3449770627876,1704.8989998521206,26.445977210667024,1719.882913702285,1714.5019748104078
257,1,57,156.5,1.565,0.57,1745.9089999999999,1704.069,1747.6203359147669,1720.8664782483131,26.75385766645377,1751.9044617619056,1859.8577983628895
258,1,58,157.5,1.575,0.58,1746.055,1704.095,1729.7169105453254,1702.6589300322007,27.057980513124676,1704.1699360305922,1759.6340454575234
259,1,59,158.5,1.585,0.59,1746.201,1704.121,1722.2028089147582,1694.844388011896,27.358420902862235,1700.7535265878516,1663.8534194026995
260,1,60,159.5,1.595,0.6,1746.347,1704.147,1708.022239871608,1680.366987386803,27.655252484805033,1723.7556153051285,1793.999538885327
261,1,61,160.5,1.605,0.61,1746.493,1704.173,1712.5047260073575,1684.5561785722484,27.94854743510905,1707.0394901364261,1627.757396362867
262,1,62,161.5,1.615,0.62,1746.6390000000001,1704.199,1708.521986303195,1680.2836098167882,28.238376486406878,1695.6661641109747,1746.8947000682474
263,1,63,162.5,1.625,0.63,1746.7849999999999,1704.225,1730.3991503742068,1701.874341417528,28.524808956678726,1740.495129028859,1830.4385122705949
264,1,64,163.5,1.635,0.64,1746.931,1704.251,1730.907851690041,1702.099938912496,28.80791277754497,1722.5313621885869,1753.3157571448091
265,1,65,164.5,1.645,0.65,1747.077,1704.277,1728.8431646103154,1699.7554100883212,29.087754521994157,1789.3683385490688,1769.0663116194194
266,1,66,165.5,1.655,0.66,1747.2230000000002,1704.303,1734.937765324548,1705.573365892994,29.364399431554148,1727.9179667424544,1765.337421174485
267,1,67,166.5,1.665,0.67,1747.369,1704.329,1727.8644219083642,1698.2265104654412,29.63791144292304,1766.9437501192704,1721.7052121382355
268,1,68,167.5,1.675,0.68,1747.515,1704.355,1717.418340992289,1687.5099877782243,29.90835321406462,1735.1991486618604,1734.5885065480074
269,1,69,168.5,1.685,0.69,1747.661,1704.381,1723.3732539065834,1693.1974677568,30.175786149783335,1747.966853155258,1642.3294257103055
270,1,70,169.5,1.695,0.7,1747.807,1704.407,1718.9717448823567,1688.531474455569,30.44027042678772,1728.1640894060588,1751.9992930252006
271,1,71,170.5,1.705,0.71,1747.953,1704.433,1729.3111154272842,1698.6092504090323,30.701865018251965,1725.873656714928,1693.0623258226592
272,1,72,171.5,1.715,0.72,1748.0990000000002,1704.459,1733.0346727168144,1702.0740449989275,30.960627717886837,1733.3016826602861,1781.4621783909176
273,1,73,172.5,1.725,0.73,1748.245,1704.485,1734.5030895626787,1703.2864743991497,31.216615163529013,1719.6297157204567,1718.642318434865
274,1,74,173.5,1.735,0.74,1748.391,1704.511,1735.4653514395222,1703.9954685792638,31.469882860258394,1744.972917557406,1731.557954994151
275,1,75,174.5,1.745,0.75,1748.537,1704.537,1734.863681245175,1703.1431960421216,31.720485203053386,1759.34165894992,1724.9335884405723
276,1,76,175.5,1.755,0.76,1748.683,1704.563,1739.215352845693,1707.2468773467006,31.968475498992348,1678.4966786435095,1696.4227584249397
277,1,77,176.5,1.765,0.77,1748.829,1704.589,1735.435365951149,1703.2214599621364,32.213905989012574,1703.9136687812397,1766.4767781612338
278,1,78,177.5,1.775,0.78,1748.975,1704.615,1716.129111628228,1683.6722837589957,32.45682786923226,1686.3104469371267,1703.7341339332972
279,1,79,178.5,1.785,0.79,1749.121,1704.641,1717.5669503569723,1684.8696590451248,32.69729131184749,1733.9040471251235,1661.939424528333
280,1,80,179.5,1.795,0.8,1749.2669999999998,1704.667,1713.5949800403641,1680.6596345547537,32.93534548561047,1729.2360370892295,1690.0241931788453
281,1,81,180.5,1.805,0.81,1749.413,1704.693,1700.542134539692,1667.3710959637936,33.171038575898365,1690.2235665926714,1692.2383759285792
282,1,82,181.5,1.815,0.82,1749.559,1704.719,1709.3293214340315,1675.9249036296512,33.40441780438027,1746.9573965608956,1732.8260949253538
283,1,83,182.5,1.825,0.83,1749.705,1704.745,1706.3343756963066,1672.698846248014,33.63552944829257,1696.8215438293516,1718.925378856171
284,1,84,183.5,1.835,0.84,1749.8509999999999,1704.771,1689.7523631974589,1655.887944338132,33.86441885932686,1703.2331924937234,1665.4150209822953
285,1,85,184.5,1.845,0.85,1749.997,1704.797,1690.2096011743956,1656.1184706922552,34.09113048214044,1710.1152801640183,1706.7943321898676
286,1,86,185.5,1.855,0.86,1750.143,1704.823,1684.6606117990423,1650.3449039265447,34.31570787249757,1680.5599528220464,1809.0338003910933
287,1,87,186.5,1.865,0.87,1750.289,1704.849,1668.9577072462528,1634.4195135312052,34.538193715047555,1694.9120601223133,1655.0690234001167
288,1,88,187.5,1.875,0.88,1750.435,1704.875,1673.7091196314102,1638.9504897906636,34.75862984074661,1664.3893344782232,1519.392512761731
289,1,89,188.5,1.885,0.89,1750.5810000000001,1704.901,1664.740966330605,1629.7639090866733,34.97705724393177,1664.171402463005,1602.6290433558659
290,1,90,189.5,1.895,0.9,1750.7269999999999,1704.927,1673.6443949981942,1638.4508788991411,35.19351609905311,1676.3157186017722,1638.2852807099243
291,1,91,190.5,1.905,0.91,1750.873,1704.953,1666.214072689325,1630.806026912253,35.40804577707195,1685.0091009774972,1731.922544367527
292,1,92,191.5,1.915,0.92,1751.019,1704.979,1677.6806351429484,1642.059950281418,35.620684861530435,1713.5058602711847,1745.6246477689604
293,1,93,192.5,1.925,0.93,1751.1650000000002,1705.005,1683.4045573731576,1647.5730862088578,35.83147116429973,1664.310402929994,1656.9531641491687
294,1,94,193.5,1.935,0.94,1751.311,1705.031,1685.8487851906345,1649.808343449621,36.04044174101364,1651.2072811443952,1698.4757409961912
295,1,95,194.5,1.945,0.95,1751.457,1705.057,1679.6025956229341,1643.3549627167408,36.2476329061933,1696.0748945919902,1674.150809548507
296,1,96,195.5,1.955,0.96,1751.603,1705.083,1690.0907100444178,1653.6376297963484,36.453080248069455,1637.5371461185093,1621.5207902687275
297,1,97,196.5,1.965,0.97,1751.749,1705.109,1696.3594310999167,1659.7026124568085,36.65681864310818,1697.4961134245334,1701.3329586992627
298,1,98,197.5,1.975,0.98,1751.895,1705.135,1693.8461498794813,1656.9872676092352,36.85888227024611,1708.2069183648634,1714.2323309849924
299,1,99,198.5,1.985,0.99,1752.0410000000002,1705.161,1700.8164198868599,1663.7571152620187,37.05930462484116,1656.8394709429224,1642.3367035892738
300,1,100,199.5,1.995,1.0,1752.187,1705.187,1691.5880101987264,1654.3298916663819,37.2581185323445,1670.455107518316,1704.7393775822513
301,1,101,200.5,2.005,1.01,1752.3329999999999,1705.213,1680.0052514533174,1642.5498952916198,37.45535616169764,1672.1793495407162,1742.3230021338131
302,1,102,201.5,2.015,1.02,1752.479,1705.239,1680.4990617627052,1642.8480127242417,37.6510490384635,1677.4569346920073,1586.3332404402247
303,1,103,202.5,2.025,1.03,1752.625,1705.265,1682.6527482837173,1644.807520226023,37.845228057694385,1682.4603314831531,1693.2835741443346
304,1,104,203.5,2.035,1.04,1752.771,1705.291,1688.3341792442639,1650.2962557477233,38.03792349654054,1698.225274549129,1731.773219083915
305,1,105,204.5,2.045,1.05,1752.917,1705.317,1690.2763038693158,1652.047138842706,38.229165026609735,1707.491973087446,1747.0352830460909
306,1,106,205.5,2.055,1.06,1753.063,1705.343,1703.9391724872698,1665.5201907611922,38.41898172607762,1664.3119128490625,1642.8326844772155
307,1,107,206.5,2.065,1.07,1753.2089999999998,1705.369,1692.0195325268091,1653.4121304352532,38.60740209155597,1723.1275404342878,1670.7678510112712
308,1,108,207.5,2.075,1.08,1753.355,1705.395,1698.9295045200465,1660.1350504703216,38.79445404972489,1691.66864692733,1701.174303764235
309,1,109,208.5,2.085,1.09,1753.501,1705.421,1702.2773647942963,1663.297199825566,38.98016496873038,1691.757749961454,1760.647164981738
310,1,110,209.5,2.095,1.1,1753.647,1705.447,1716.8668671216442,1677.7023054522883,39.16456166935586,1744.582248977318,1825.2058556169732
311,1,111,210.5,2.105,1.11,1753.793,1705.473,1718.8545490786503,1679.5068786426816,39.347670435968666,1705.3235055320392,1731.4873622767377
312,1,112,211.5,2.115,1.12,1753.939,1705.499,1722.7192758616955,1683.1897588344461,39.52951702724931,1700.7344508124497,1793.5081007160293
313,1,113,212.5,2.125,1.13,1754.085,1705.525,1740.959429867401,1701.249303180697,39.710126686703916,1693.6996334169162,1731.4310729482988
314,1,114,213.5,2.135,1.14,1754.231,1705.551,1749.187770839025,1709.298246686055,39.8895241529699,1780.6300317446612,1729.9497210809018
315,1,115,214.5,2.145,1.15,1754.377,1705.577,1755.3771127280556,1715.3093790581452,40.06773366991047,1710.7200285006807,1815.1463140981123
316,1,116,215.5,2.155,1.16,1754.5230000000001,1705.603,1751.458699420098,1711.2139204235855,40.24477899651242,1718.5057182388011,1841.6561383307246
317,1,117,216.5,2.165,1.17,1754.6689999999999,1705.629,1752.912405465456,1712.4917220488737,40.42068341658228,1699.6740178075431,1856.6158343931036
318,1,118,217.5,2.175,1.18,1754.815,1705.655,1736.426329420121,1695.8308596718703,40.59546974825071,1726.4145769832483,1697.1034751124034
319,1,119,218.5,2.185,1.19,1754.961,1705.681,1728.359768885855,1687.5906085325691,40.76916035328577,1681.6264406628695,1673.2998831458972
320,1,120,219.5,2.195,1.2,1755.1070000000002,1705.707,1735.3646469463545,1694.4228698001345,40.94177714621992,1764.6828523696433,1827.5442066256549
321,1,121,220.5,2.205,1.21,1755.253,1705.733,1717.9707280739474,1676.8573864706518,41.11334160329557,1700.7547445150817,1601.2911965028038
322,1,122,221.5,2.215,1.22,1755.3990000000001,1705.759,1719.6482132711576,1678.364338499928,41.28387477122965,1690.4445217892655,1708.1408604565027
323,1,123,222.5,2.225,1.23,1755.545,1705.785,1720.5444918645417,1679.0910945887365,41.45339727580517,1729.9592244141318,1686.539112506952
324,1,124,223.5,2.235,1.24,1755.691,1705.811,1725.1384098706474,1683.5164805403583,41.62192933028905,1698.1932689279067,1802.7146709458805
325,1,125,224.5,2.245,1.25,1755.837,1705.837,1708.7894051513188,1666.9999144076355,41.789490743683245,1705.6298628552297,1716.5091497759556
326,1,126,225.5,2.255,1.26,1755.983,1705.863,1689.4246671211654,1647.4685661923559,41.95610092880952,1712.1688068041203,1719.118389950186
327,1,127,226.5,2.265,1.27,1756.129,1705.889,1701.8543747006495,1659.732595790416,42.12177891023339,1681.7463098225628,1711.8445258815639
328,1,128,227.5,2.275,1.28,1756.2749999999999,1705.915,1704.0499850624606,1661.7634417304319,42.286543332028714,1694.7662352791554,1690.0529299462828
329,1,129,228.5,2.285,1.29,1756.421,1705.941,1709.1990261404185,1666.7486136750304,42.450412465388126,1690.6807432934402,1741.4901780642106
330,1,130,229.5,2.295,1.3,1756.567,1705.967,1726.312700790252,1683.6992965741715,42.613404216080426,1718.5014950808843,1674.7785742483907
331,1,131,230.5,2.305,1.31,1756.713,1705.993,1728.659087251356,1685.883551119597,42.77553613175883,1805.1151900071861,1671.395168753449
332,1,132,231.5,2.315,1.32,1756.859,1706.019,1709.5815966613834,1666.6447712522597,42.936825409123685,1656.2811900409545,1685.8977881750009
333,1,133,232.5,2.325,1.33,1757.005,1706.045,1707.4091811145038,1664.3118922135625,43.097288900941294,1730.2400675020342,1696.7393837757288
334,1,134,233.5,2.335,1.34,1757.1509999999998,1706.071,1716.5877608792014,1673.330817756279,43.256943122922394,1718.0485933706593,1676.4980382875024
335,1,135,234.5,2.345,1.35,1757.297,1706.097,1713.1478375010106,1669.7320332405466,43.41580426046403,1695.7375704235399,1719.2961608801422
336,1,136,235.5,2.355,1.36,1757.443,1706.123,1711.005021846104,1667.4311336708492,43.57388817525475,1736.4396655113403,1832.7453753691939
337,1,137,236.5,2.365,1.37,1757.589,1706.149,1705.9211267683504,1662.1899163566006,43.73121041174977,1737.1931654356813,1691.0750136880372
338,1,138,237.5,2.375,1.38,1757.735,1706.175,1721.6361597501418,1677.748373546627,43.887786203514906,1699.159579353838,1771.383112559691
339,1,139,238.5,2.385,1.39,1757.881,1706.201,1734.7940789114193,1690.7504484319747,44.04363047944457,1732.6078447560274,1718.1789797808824
340,1,140,239.5,2.395,1.4,1758.027,1706.227,1717.1607131156152,1672.9619552457596,44.198757869855626,1701.9273815715053,1781.5516774556381
341,1,141,240.5,2.405,1.41,1758.173,1706.253,1737.0238274247008,1692.6706447122424,44.35318271245842,1748.322443705355,1673.7648912848479
342,1,142,241.5,2.415,1.42,1758.319,1706.279,1729.708906100683,1685.2019870424738,44.50691905820918,1734.2029161848852,1779.3086911699388
343,1,143,242.5,2.425,1.43,1758.4650000000001,1706.305,1750.5604185726454,1705.9004378956006,44.659980677044814,1750.1438758285137,1770.1119903860508
344,1,144,243.5,2.435,1.44,1758.6109999999999,1706.331,1737.5820870310267,1692.7697059675227,44.81238106350406,1748.378131026585,1760.4096954488225
345,1,145,244.5,2.445,1.45,1758.757,1706.357,1749.021753184751,1704.0576197425173,44.96413344223379,1761.8266262314476,1679.5397414784502
346,1,146,245.5,2.455,1.46,1758.903,1706.383,1743.555078360453,1698.439827587064,45.11525077338911,1780.7513814087786,1718.021783360964
347,1,147,246.5,2.465,1.47,1759.0490000000002,1706.409,1742.3077467283788,1697.0420009704574,45.26574575792142,1720.7885536466158,1817.347469789579
348,1,148,247.5,2.475,1.48,1759.195,1706.435,1751.4792329091292,1706.0636020663662,45.415630842762994,1749.8844126775962,1667.3722218813596
349,1,149,248.5,2.485,1.49,1759.3410000000001,1706.461,1744.2399047638976,1698.67498653799,45.564918225907604,1805.4891150488784,1721.8295410342253
350,1,150,249.5,2.495,1.5,1759.487,1706.487,1747.6979734729482,1701.9843536115588,45.71361986138936,1731.813185683906,1772.7689358381315
